CPU Reset (CPU 0)
EAX=00000000 EBX=00000000 ECX=00000000 EDX=00060fb1
ESI=00000000 EDI=00000000 EBP=00000000 ESP=00000000
EIP=0000fff0 EFL=00000002 [-------] CPL=0 II=0 A20=1 SMM=0 HLT=0
ES =0000 00000000 0000ffff 00009300
CS =f000 ffff0000 0000ffff 00009b00
SS =0000 00000000 0000ffff 00009300
DS =0000 00000000 0000ffff 00009300
FS =0000 00000000 0000ffff 00009300
GS =0000 00000000 0000ffff 00009300
LDT=0000 00000000 0000ffff 00008200
TR =0000 00000000 0000ffff 00008b00
GDT=     00000000 0000ffff
IDT=     00000000 0000ffff
CR0=60000010 CR2=00000000 CR3=00000000 CR4=00000000
DR0=0000000000000000 DR1=0000000000000000 DR2=0000000000000000 DR3=0000000000000000 
DR6=00000000ffff0ff0 DR7=0000000000000400
CCS=00000000 CCD=00000000 CCO=EFLAGS
EFER=0000000000000000
FCW=037f FSW=0000 [ST=0] FTW=00 MXCSR=00001f80
FPR0=0000000000000000 0000 FPR1=0000000000000000 0000
FPR2=0000000000000000 0000 FPR3=0000000000000000 0000
FPR4=0000000000000000 0000 FPR5=0000000000000000 0000
FPR6=0000000000000000 0000 FPR7=0000000000000000 0000
XMM00=0000000000000000 0000000000000000 XMM01=0000000000000000 0000000000000000
XMM02=0000000000000000 0000000000000000 XMM03=0000000000000000 0000000000000000
XMM04=0000000000000000 0000000000000000 XMM05=0000000000000000 0000000000000000
XMM06=0000000000000000 0000000000000000 XMM07=0000000000000000 0000000000000000
CPU Reset (CPU 1)
EAX=00000000 EBX=00000000 ECX=00000000 EDX=00060fb1
ESI=00000000 EDI=00000000 EBP=00000000 ESP=00000000
EIP=0000fff0 EFL=00000002 [-------] CPL=0 II=0 A20=1 SMM=0 HLT=1
ES =0000 00000000 0000ffff 00009300
CS =f000 ffff0000 0000ffff 00009b00
SS =0000 00000000 0000ffff 00009300
DS =0000 00000000 0000ffff 00009300
FS =0000 00000000 0000ffff 00009300
GS =0000 00000000 0000ffff 00009300
LDT=0000 00000000 0000ffff 00008200
TR =0000 00000000 0000ffff 00008b00
GDT=     00000000 0000ffff
IDT=     00000000 0000ffff
CR0=60000010 CR2=00000000 CR3=00000000 CR4=00000000
DR0=0000000000000000 DR1=0000000000000000 DR2=0000000000000000 DR3=0000000000000000 
DR6=00000000ffff0ff0 DR7=0000000000000400
CCS=00000000 CCD=00000000 CCO=EFLAGS
EFER=0000000000000000
FCW=037f FSW=0000 [ST=0] FTW=00 MXCSR=00001f80
FPR0=0000000000000000 0000 FPR1=0000000000000000 0000
FPR2=0000000000000000 0000 FPR3=0000000000000000 0000
FPR4=0000000000000000 0000 FPR5=0000000000000000 0000
FPR6=0000000000000000 0000 FPR7=0000000000000000 0000
XMM00=0000000000000000 0000000000000000 XMM01=0000000000000000 0000000000000000
XMM02=0000000000000000 0000000000000000 XMM03=0000000000000000 0000000000000000
XMM04=0000000000000000 0000000000000000 XMM05=0000000000000000 0000000000000000
XMM06=0000000000000000 0000000000000000 XMM07=0000000000000000 0000000000000000
CPU Reset (CPU 0)
EAX=00000000 EBX=00000000 ECX=00000000 EDX=00060fb1
ESI=00000000 EDI=00000000 EBP=00000000 ESP=00000000
EIP=0000fff0 EFL=00000002 [-------] CPL=0 II=0 A20=1 SMM=0 HLT=0
ES =0000 00000000 0000ffff 00009300
CS =f000 ffff0000 0000ffff 00009b00
SS =0000 00000000 0000ffff 00009300
DS =0000 00000000 0000ffff 00009300
FS =0000 00000000 0000ffff 00009300
GS =0000 00000000 0000ffff 00009300
LDT=0000 00000000 0000ffff 00008200
TR =0000 00000000 0000ffff 00008b00
GDT=     00000000 0000ffff
IDT=     00000000 0000ffff
CR0=60000010 CR2=00000000 CR3=00000000 CR4=00000000
DR0=0000000000000000 DR1=0000000000000000 DR2=0000000000000000 DR3=0000000000000000 
DR6=00000000ffff0ff0 DR7=0000000000000400
CCS=00000000 CCD=00000000 CCO=EFLAGS
EFER=0000000000000000
FCW=037f FSW=0000 [ST=0] FTW=00 MXCSR=00001f80
FPR0=0000000000000000 0000 FPR1=0000000000000000 0000
FPR2=0000000000000000 0000 FPR3=0000000000000000 0000
FPR4=0000000000000000 0000 FPR5=0000000000000000 0000
FPR6=0000000000000000 0000 FPR7=0000000000000000 0000
XMM00=0000000000000000 0000000000000000 XMM01=0000000000000000 0000000000000000
XMM02=0000000000000000 0000000000000000 XMM03=0000000000000000 0000000000000000
XMM04=0000000000000000 0000000000000000 XMM05=0000000000000000 0000000000000000
XMM06=0000000000000000 0000000000000000 XMM07=0000000000000000 0000000000000000
CPU Reset (CPU 1)
EAX=00000000 EBX=00000000 ECX=00000000 EDX=00060fb1
ESI=00000000 EDI=00000000 EBP=00000000 ESP=00000000
EIP=0000fff0 EFL=00000002 [-------] CPL=0 II=0 A20=1 SMM=0 HLT=1
ES =0000 00000000 0000ffff 00009300
CS =f000 ffff0000 0000ffff 00009b00
SS =0000 00000000 0000ffff 00009300
DS =0000 00000000 0000ffff 00009300
FS =0000 00000000 0000ffff 00009300
GS =0000 00000000 0000ffff 00009300
LDT=0000 00000000 0000ffff 00008200
TR =0000 00000000 0000ffff 00008b00
GDT=     00000000 0000ffff
IDT=     00000000 0000ffff
CR0=60000010 CR2=00000000 CR3=00000000 CR4=00000000
DR0=0000000000000000 DR1=0000000000000000 DR2=0000000000000000 DR3=0000000000000000 
DR6=00000000ffff0ff0 DR7=0000000000000400
CCS=00000000 CCD=00000000 CCO=EFLAGS
EFER=0000000000000000
FCW=037f FSW=0000 [ST=0] FTW=00 MXCSR=00001f80
FPR0=0000000000000000 0000 FPR1=0000000000000000 0000
FPR2=0000000000000000 0000 FPR3=0000000000000000 0000
FPR4=0000000000000000 0000 FPR5=0000000000000000 0000
FPR6=0000000000000000 0000 FPR7=0000000000000000 0000
XMM00=0000000000000000 0000000000000000 XMM01=0000000000000000 0000000000000000
XMM02=0000000000000000 0000000000000000 XMM03=0000000000000000 0000000000000000
XMM04=0000000000000000 0000000000000000 XMM05=0000000000000000 0000000000000000
XMM06=0000000000000000 0000000000000000 XMM07=0000000000000000 0000000000000000
CPU Reset (CPU 1)
EAX=00000000 EBX=00000000 ECX=00000000 EDX=00060fb1
ESI=00000000 EDI=00000000 EBP=00000000 ESP=00000000
EIP=0000fff0 EFL=00000002 [-------] CPL=0 II=0 A20=1 SMM=0 HLT=1
ES =0000 00000000 0000ffff 00009300
CS =f000 ffff0000 0000ffff 00009b00
SS =0000 00000000 0000ffff 00009300
DS =0000 00000000 0000ffff 00009300
FS =0000 00000000 0000ffff 00009300
GS =0000 00000000 0000ffff 00009300
LDT=0000 00000000 0000ffff 00008200
TR =0000 00000000 0000ffff 00008b00
GDT=     00000000 0000ffff
IDT=     00000000 0000ffff
CR0=60000010 CR2=00000000 CR3=00000000 CR4=00000000
DR0=0000000000000000 DR1=0000000000000000 DR2=0000000000000000 DR3=0000000000000000 
DR6=00000000ffff0ff0 DR7=0000000000000400
CCS=00000000 CCD=00000000 CCO=EFLAGS
EFER=0000000000000000
FCW=037f FSW=0000 [ST=0] FTW=00 MXCSR=00001f80
FPR0=0000000000000000 0000 FPR1=0000000000000000 0000
FPR2=0000000000000000 0000 FPR3=0000000000000000 0000
FPR4=0000000000000000 0000 FPR5=0000000000000000 0000
FPR6=0000000000000000 0000 FPR7=0000000000000000 0000
XMM00=0000000000000000 0000000000000000 XMM01=0000000000000000 0000000000000000
XMM02=0000000000000000 0000000000000000 XMM03=0000000000000000 0000000000000000
XMM04=0000000000000000 0000000000000000 XMM05=0000000000000000 0000000000000000
XMM06=0000000000000000 0000000000000000 XMM07=0000000000000000 0000000000000000
CPU Reset (CPU 1)
EAX=00000000 EBX=00000000 ECX=00000000 EDX=00060fb1
ESI=00000000 EDI=00000000 EBP=00000000 ESP=00000000
EIP=0000fff0 EFL=00000002 [-------] CPL=0 II=0 A20=1 SMM=0 HLT=1
ES =0000 00000000 0000ffff 00009300
CS =f000 ffff0000 0000ffff 00009b00
SS =0000 00000000 0000ffff 00009300
DS =0000 00000000 0000ffff 00009300
FS =0000 00000000 0000ffff 00009300
GS =0000 00000000 0000ffff 00009300
LDT=0000 00000000 0000ffff 00008200
TR =0000 00000000 0000ffff 00008b00
GDT=     00000000 0000ffff
IDT=     00000000 0000ffff
CR0=60000010 CR2=00000000 CR3=00000000 CR4=00000000
DR0=0000000000000000 DR1=0000000000000000 DR2=0000000000000000 DR3=0000000000000000 
DR6=00000000ffff0ff0 DR7=0000000000000400
CCS=00000000 CCD=00000000 CCO=EFLAGS
EFER=0000000000000000
FCW=037f FSW=0000 [ST=0] FTW=00 MXCSR=00001f80
FPR0=0000000000000000 0000 FPR1=0000000000000000 0000
FPR2=0000000000000000 0000 FPR3=0000000000000000 0000
FPR4=0000000000000000 0000 FPR5=0000000000000000 0000
FPR6=0000000000000000 0000 FPR7=0000000000000000 0000
XMM00=0000000000000000 0000000000000000 XMM01=0000000000000000 0000000000000000
XMM02=0000000000000000 0000000000000000 XMM03=0000000000000000 0000000000000000
XMM04=0000000000000000 0000000000000000 XMM05=0000000000000000 0000000000000000
XMM06=0000000000000000 0000000000000000 XMM07=0000000000000000 0000000000000000
CPU Reset (CPU 1)
EAX=00000000 EBX=00000000 ECX=00000000 EDX=00060fb1
ESI=00000000 EDI=00000000 EBP=00000000 ESP=00000000
EIP=0000fff0 EFL=00000002 [-------] CPL=0 II=0 A20=1 SMM=0 HLT=1
ES =0000 00000000 0000ffff 00009300
CS =f000 ffff0000 0000ffff 00009b00
SS =0000 00000000 0000ffff 00009300
DS =0000 00000000 0000ffff 00009300
FS =0000 00000000 0000ffff 00009300
GS =0000 00000000 0000ffff 00009300
LDT=0000 00000000 0000ffff 00008200
TR =0000 00000000 0000ffff 00008b00
GDT=     00000000 0000ffff
IDT=     00000000 0000ffff
CR0=60000010 CR2=00000000 CR3=00000000 CR4=00000000
DR0=0000000000000000 DR1=0000000000000000 DR2=0000000000000000 DR3=0000000000000000 
DR6=00000000ffff0ff0 DR7=0000000000000400
CCS=00000000 CCD=00000000 CCO=EFLAGS
EFER=0000000000000000
FCW=037f FSW=0000 [ST=0] FTW=00 MXCSR=00001f80
FPR0=0000000000000000 0000 FPR1=0000000000000000 0000
FPR2=0000000000000000 0000 FPR3=0000000000000000 0000
FPR4=0000000000000000 0000 FPR5=0000000000000000 0000
FPR6=0000000000000000 0000 FPR7=0000000000000000 0000
XMM00=0000000000000000 0000000000000000 XMM01=0000000000000000 0000000000000000
XMM02=0000000000000000 0000000000000000 XMM03=0000000000000000 0000000000000000
XMM04=0000000000000000 0000000000000000 XMM05=0000000000000000 0000000000000000
XMM06=0000000000000000 0000000000000000 XMM07=0000000000000000 0000000000000000
CPU Reset (CPU 1)
EAX=00000000 EBX=00000000 ECX=00000000 EDX=00060fb1
ESI=00000000 EDI=00000000 EBP=00000000 ESP=00000000
EIP=0000fff0 EFL=00000002 [-------] CPL=0 II=0 A20=1 SMM=0 HLT=1
ES =0000 00000000 0000ffff 00009300
CS =f000 ffff0000 0000ffff 00009b00
SS =0000 00000000 0000ffff 00009300
DS =0000 00000000 0000ffff 00009300
FS =0000 00000000 0000ffff 00009300
GS =0000 00000000 0000ffff 00009300
LDT=0000 00000000 0000ffff 00008200
TR =0000 00000000 0000ffff 00008b00
GDT=     00000000 0000ffff
IDT=     00000000 0000ffff
CR0=60000010 CR2=00000000 CR3=00000000 CR4=00000000
DR0=0000000000000000 DR1=0000000000000000 DR2=0000000000000000 DR3=0000000000000000 
DR6=00000000ffff0ff0 DR7=0000000000000400
CCS=00000000 CCD=00000000 CCO=EFLAGS
EFER=0000000000000000
FCW=037f FSW=0000 [ST=0] FTW=00 MXCSR=00001f80
FPR0=0000000000000000 0000 FPR1=0000000000000000 0000
FPR2=0000000000000000 0000 FPR3=0000000000000000 0000
FPR4=0000000000000000 0000 FPR5=0000000000000000 0000
FPR6=0000000000000000 0000 FPR7=0000000000000000 0000
XMM00=0000000000000000 0000000000000000 XMM01=0000000000000000 0000000000000000
XMM02=0000000000000000 0000000000000000 XMM03=0000000000000000 0000000000000000
XMM04=0000000000000000 0000000000000000 XMM05=0000000000000000 0000000000000000
XMM06=0000000000000000 0000000000000000 XMM07=0000000000000000 0000000000000000
Servicing hardware INT=0x68
     0: v=68 e=0000 i=0 cpl=0 IP=0038:000000001f595248 pc=000000001f595248 SP=0030:000000001feadc68 env->regs[R_EAX]=000000000000fffe
RAX=000000000000fffe RBX=00000000000186a0 RCX=0000000000000000 RDX=0000000000000021
RSI=0000000000000000 RDI=000000000000fffe RBP=000000001fec48a0 RSP=000000001feadc68
R8 =0000000000000000 R9 =000000001f5956e0 R10=000000001fec50c8 R11=000000001f8e6b18
R12=0000000000000000 R13=000000001f85bcb0 R14=000000001fec2b18 R15=000000001f629a98
RIP=000000001f595248 RFL=00000246 [---Z-P-] CPL=0 II=0 A20=1 SMM=0 HLT=0
ES =0030 0000000000000000 ffffffff 00cf9300 DPL=0 DS   [-WA]
CS =0038 0000000000000000 ffffffff 00af9a00 DPL=0 CS64 [-R-]
SS =0030 0000000000000000 ffffffff 00cf9300 DPL=0 DS   [-WA]
DS =0030 0000000000000000 ffffffff 00cf9300 DPL=0 DS   [-WA]
FS =0030 0000000000000000 ffffffff 00cf9300 DPL=0 DS   [-WA]
GS =0030 0000000000000000 ffffffff 00cf9300 DPL=0 DS   [-WA]
LDT=0000 0000000000000000 0000ffff 00008200 DPL=0 LDT
TR =0000 0000000000000000 0000ffff 00008b00 DPL=0 TSS64-busy
GDT=     000000001f9eea98 00000047
IDT=     000000001f586018 00000fff
CR0=80010033 CR2=0000000000000000 CR3=000000001fc01000 CR4=00000660
DR0=0000000000000000 DR1=0000000000000000 DR2=0000000000000000 DR3=0000000000000000 
DR6=00000000ffff0ff0 DR7=0000000000000400
CCS=000000000000000f CCD=0000000000000000 CCO=LOGICB
EFER=0000000000000d00
Servicing hardware INT=0x68
     1: v=68 e=0000 i=0 cpl=0 IP=0038:000000001f577675 pc=000000001f577675 SP=0030:000000001fead3c8 env->regs[R_EAX]=0000000000180bb6
RAX=0000000000180bb6 RBX=0000000000000001 RCX=0000000000182c11 RDX=000000000000205b
RSI=0000000000000000 RDI=0000000000000000 RBP=0000000000087301 RSP=000000001fead3c8
R8 =0000000000002710 R9 =0000000000000000 R10=0000000000000000 R11=000000000008730c
R12=0000000000087000 R13=000000001fead730 R14=000000001f57ca2e R15=000000001f5763c0
RIP=000000001f577675 RFL=00000202 [-------] CPL=0 II=0 A20=1 SMM=0 HLT=0
ES =0030 0000000000000000 ffffffff 00cf9300 DPL=0 DS   [-WA]
CS =0038 0000000000000000 ffffffff 00af9a00 DPL=0 CS64 [-R-]
SS =0030 0000000000000000 ffffffff 00cf9300 DPL=0 DS   [-WA]
DS =0030 0000000000000000 ffffffff 00cf9300 DPL=0 DS   [-WA]
FS =0030 0000000000000000 ffffffff 00cf9300 DPL=0 DS   [-WA]
GS =0030 0000000000000000 ffffffff 00cf9300 DPL=0 DS   [-WA]
LDT=0000 0000000000000000 0000ffff 00008200 DPL=0 LDT
TR =0000 0000000000000000 0000ffff 00008b00 DPL=0 TSS64-busy
GDT=     000000001f9eea98 00000047
IDT=     000000001f586018 00000fff
CR0=80010033 CR2=0000000000000000 CR3=000000001fc01000 CR4=00000668
DR0=0000000000000000 DR1=0000000000000000 DR2=0000000000000000 DR3=0000000000000000 
DR6=00000000ffff0ff0 DR7=0000000000000400
CCS=0000000000000000 CCD=000000000000205b CCO=EFLAGS
EFER=0000000000000d00
CPU Reset (CPU 1)
EAX=00000000 EBX=00000000 ECX=00000000 EDX=00060fb1
ESI=00000000 EDI=00000000 EBP=00000000 ESP=00000000
EIP=0000fff0 EFL=00000002 [-------] CPL=0 II=0 A20=1 SMM=0 HLT=1
ES =0000 00000000 0000ffff 00009300
CS =f000 ffff0000 0000ffff 00009b00
SS =0000 00000000 0000ffff 00009300
DS =0000 00000000 0000ffff 00009300
FS =0000 00000000 0000ffff 00009300
GS =0000 00000000 0000ffff 00009300
LDT=0000 00000000 0000ffff 00008200
TR =0000 00000000 0000ffff 00008b00
GDT=     00000000 0000ffff
IDT=     00000000 0000ffff
CR0=60000010 CR2=00000000 CR3=00000000 CR4=00000000
DR0=0000000000000000 DR1=0000000000000000 DR2=0000000000000000 DR3=0000000000000000 
DR6=00000000ffff0ff0 DR7=0000000000000400
CCS=00000000 CCD=00000000 CCO=EFLAGS
EFER=0000000000000000
FCW=037f FSW=0000 [ST=0] FTW=00 MXCSR=00001f80
FPR0=0000000000000000 0000 FPR1=0000000000000000 0000
FPR2=0000000000000000 0000 FPR3=0000000000000000 0000
FPR4=0000000000000000 0000 FPR5=0000000000000000 0000
FPR6=0000000000000000 0000 FPR7=0000000000000000 0000
XMM00=0000000000000000 0000000000000000 XMM01=0000000000000000 0000000000000000
XMM02=0000000000000000 0000000000000000 XMM03=0000000000000000 0000000000000000
XMM04=0000000000000000 0000000000000000 XMM05=0000000000000000 0000000000000000
XMM06=0000000000000000 0000000000000000 XMM07=0000000000000000 0000000000000000
Servicing hardware INT=0x68
     2: v=68 e=0000 i=0 cpl=0 IP=0038:000000001f5a4d4c pc=000000001f5a4d4c SP=0030:000000001fead350 env->regs[R_EAX]=0000000000000010
RAX=0000000000000010 RBX=0000000b32000000 RCX=0000000000000010 RDX=0000000000000018
RSI=0000000000000008 RDI=0000000000000006 RBP=0000000000000006 RSP=000000001fead350
R8 =0000000000000018 R9 =000000001f581eb7 R10=0000000000000118 R11=000000000008730c
R12=000000000000002c R13=000000001fead478 R14=000000001fc2fc78 R15=0000000000000000
RIP=000000001f5a4d4c RFL=00000206 [-----P-] CPL=0 II=0 A20=1 SMM=0 HLT=0
ES =0030 0000000000000000 ffffffff 00cf9300 DPL=0 DS   [-WA]
CS =0038 0000000000000000 ffffffff 00af9a00 DPL=0 CS64 [-R-]
SS =0030 0000000000000000 ffffffff 00cf9300 DPL=0 DS   [-WA]
DS =0030 0000000000000000 ffffffff 00cf9300 DPL=0 DS   [-WA]
FS =0030 0000000000000000 ffffffff 00cf9300 DPL=0 DS   [-WA]
GS =0030 0000000000000000 ffffffff 00cf9300 DPL=0 DS   [-WA]
LDT=0000 0000000000000000 0000ffff 00008200 DPL=0 LDT
TR =0000 0000000000000000 0000ffff 00008b00 DPL=0 TSS64-busy
GDT=     000000001f9eea98 00000047
IDT=     000000001f586018 00000fff
CR0=80000033 CR2=0000000000000000 CR3=000000001fc01000 CR4=00000668
DR0=0000000000000000 DR1=0000000000000000 DR2=0000000000000000 DR3=0000000000000000 
DR6=00000000ffff0ff0 DR7=0000000000000400
CCS=0000000000000004 CCD=000000001fead348 CCO=EFLAGS
EFER=0000000000000d00
Servicing hardware INT=0x68
     3: v=68 e=0000 i=0 cpl=0 IP=0038:000000001f578fa5 pc=000000001f578fa5 SP=0030:000000001fead450 env->regs[R_EAX]=0000000000200000
RAX=0000000000200000 RBX=000000006e200000 RCX=0000000f91e00083 RDX=000000001f581a40
RSI=000ffffffffff000 RDI=0000000000000002 RBP=0000000f91e00000 RSP=000000001fead450
R8 =0000000000000018 R9 =000000001f581eb7 R10=0000000000000118 R11=000000000008730c
R12=0000000000000000 R13=000000001f579307 R14=000000001fc41478 R15=0000000000000000
RIP=000000001f578fa5 RFL=00000206 [-----P-] CPL=0 II=0 A20=1 SMM=0 HLT=0
ES =0030 0000000000000000 ffffffff 00cf9300 DPL=0 DS   [-WA]
CS =0038 0000000000000000 ffffffff 00af9a00 DPL=0 CS64 [-R-]
SS =0030 0000000000000000 ffffffff 00cf9300 DPL=0 DS   [-WA]
DS =0030 0000000000000000 ffffffff 00cf9300 DPL=0 DS   [-WA]
FS =0030 0000000000000000 ffffffff 00cf9300 DPL=0 DS   [-WA]
GS =0030 0000000000000000 ffffffff 00cf9300 DPL=0 DS   [-WA]
LDT=0000 0000000000000000 0000ffff 00008200 DPL=0 LDT
TR =0000 0000000000000000 0000ffff 00008b00 DPL=0 TSS64-busy
GDT=     000000001f9eea98 00000047
IDT=     000000001f586018 00000fff
CR0=80000033 CR2=0000000000000000 CR3=000000001fc01000 CR4=00000668
DR0=0000000000000000 DR1=0000000000000000 DR2=0000000000000000 DR3=0000000000000000 
DR6=00000000ffff0ff0 DR7=0000000000000400
CCS=0000000000000004 CCD=0000000000000018 CCO=EFLAGS
EFER=0000000000000d00
Servicing hardware INT=0x68
     4: v=68 e=0000 i=0 cpl=0 IP=0038:000000001fec1f3a pc=000000001fec1f3a SP=0030:000000001fead890 env->regs[R_EAX]=00000000000000af
RAX=00000000000000af RBX=0000000000042fff RCX=0000000000010001 RDX=000000001ed66000
RSI=000000001fbff248 RDI=000000001ed98fff RBP=0000000000000043 RSP=000000001fead890
R8 =00000000000000af R9 =000000001ed67017 R10=00000000000000f8 R11=000000009bd350d3
R12=0000000000000001 R13=000000001eda9000 R14=0000000000000007 R15=000000001ed66000
RIP=000000001fec1f3a RFL=00010206 [-----P-] CPL=0 II=0 A20=1 SMM=0 HLT=0
ES =0030 0000000000000000 ffffffff 00cf9300 DPL=0 DS   [-WA]
CS =0038 0000000000000000 ffffffff 00af9a00 DPL=0 CS64 [-R-]
SS =0030 0000000000000000 ffffffff 00cf9300 DPL=0 DS   [-WA]
DS =0030 0000000000000000 ffffffff 00cf9300 DPL=0 DS   [-WA]
FS =0030 0000000000000000 ffffffff 00cf9300 DPL=0 DS   [-WA]
GS =0030 0000000000000000 ffffffff 00cf9300 DPL=0 DS   [-WA]
LDT=0000 0000000000000000 0000ffff 00008200 DPL=0 LDT
TR =0000 0000000000000000 0000ffff 00008b00 DPL=0 TSS64-busy
GDT=     000000001f9eea98 00000047
IDT=     000000001f586018 00000fff
CR0=80010033 CR2=0000000000000000 CR3=000000001fc01000 CR4=00000668
DR0=0000000000000000 DR1=0000000000000000 DR2=0000000000000000 DR3=0000000000000000 
DR6=00000000ffff0ff0 DR7=0000000000000400
CCS=0000000000000004 CCD=0000000000043000 CCO=EFLAGS
EFER=0000000000000d00
Servicing hardware INT=0x68
     5: v=68 e=0000 i=0 cpl=0 IP=0038:000000001eddd940 pc=000000001eddd940 SP=0030:000000001feadc50 env->regs[R_EAX]=0000000000000000
RAX=0000000000000000 RBX=000000001f9ee018 RCX=000000001feadcc8 RDX=000000001feadcc0
RSI=000000001ede8798 RDI=000000001feadcc0 RBP=000000001fec48a0 RSP=000000001feadc50
R8 =000000001eddf4a0 R9 =000000001eddf400 R10=000000001fec50a8 R11=000000001ed7c7b0
R12=0000000000000000 R13=000000001eddf4a0 R14=000000001fec2b18 R15=000000001f629a98
RIP=000000001eddd940 RFL=00000206 [-----P-] CPL=0 II=0 A20=1 SMM=0 HLT=0
ES =0030 0000000000000000 ffffffff 00cf9300 DPL=0 DS   [-WA]
CS =0038 0000000000000000 ffffffff 00af9a00 DPL=0 CS64 [-R-]
SS =0030 0000000000000000 ffffffff 00cf9300 DPL=0 DS   [-WA]
DS =0030 0000000000000000 ffffffff 00cf9300 DPL=0 DS   [-WA]
FS =0030 0000000000000000 ffffffff 00cf9300 DPL=0 DS   [-WA]
GS =0030 0000000000000000 ffffffff 00cf9300 DPL=0 DS   [-WA]
LDT=0000 0000000000000000 0000ffff 00008200 DPL=0 LDT
TR =0000 0000000000000000 0000ffff 00008b00 DPL=0 TSS64-busy
GDT=     000000001f9eea98 00000047
IDT=     000000001f586018 00000fff
CR0=80010033 CR2=0000000000000000 CR3=000000001fc01000 CR4=00000668
DR0=0000000000000000 DR1=0000000000000000 DR2=0000000000000000 DR3=0000000000000000 
DR6=00000000ffff0ff0 DR7=0000000000000400
CCS=0000000000000004 CCD=000000001eddf4a0 CCO=EFLAGS
EFER=0000000000000d00
Servicing hardware INT=0x68
     6: v=68 e=0000 i=0 cpl=0 IP=0038:000000001feb3310 pc=000000001feb3310 SP=0030:000000001feadb30 env->regs[R_EAX]=0000000000000000
RAX=0000000000000000 RBX=0000000000000010 RCX=000000001ed98718 RDX=000000001fec3a50
RSI=0000000000000000 RDI=000000001ed98718 RBP=000000001edac718 RSP=000000001feadb30
R8 =000000001feadbe8 R9 =000000001edac718 R10=000000000000000a R11=000000000000000a
R12=000000001ed98718 R13=000000001feadbe8 R14=000000001ed98718 R15=000000001ed97a20
RIP=000000001feb3310 RFL=00000246 [---Z-P-] CPL=0 II=0 A20=1 SMM=0 HLT=0
ES =0030 0000000000000000 ffffffff 00cf9300 DPL=0 DS   [-WA]
CS =0038 0000000000000000 ffffffff 00af9a00 DPL=0 CS64 [-R-]
SS =0030 0000000000000000 ffffffff 00cf9300 DPL=0 DS   [-WA]
DS =0030 0000000000000000 ffffffff 00cf9300 DPL=0 DS   [-WA]
FS =0030 0000000000000000 ffffffff 00cf9300 DPL=0 DS   [-WA]
GS =0030 0000000000000000 ffffffff 00cf9300 DPL=0 DS   [-WA]
LDT=0000 0000000000000000 0000ffff 00008200 DPL=0 LDT
TR =0000 0000000000000000 0000ffff 00008b00 DPL=0 TSS64-busy
GDT=     000000001f9eea98 00000047
IDT=     000000001f586018 00000fff
CR0=80010033 CR2=0000000000000000 CR3=000000001fc01000 CR4=00000668
DR0=0000000000000000 DR1=0000000000000000 DR2=0000000000000000 DR3=0000000000000000 
DR6=00000000ffff0ff0 DR7=0000000000000400
CCS=0000000000000044 CCD=0000000000000000 CCO=EFLAGS
EFER=0000000000000d00
Servicing hardware INT=0x68
     7: v=68 e=0000 i=0 cpl=0 IP=0038:000000001fec1f3c pc=000000001fec1f3c SP=0030:000000001feada30 env->regs[R_EAX]=00000000000000af
RAX=00000000000000af RBX=000000001ecad018 RCX=0000000000000000 RDX=000000001ecad000
RSI=0000000000000000 RDI=000000001ecb3e28 RBP=000000001ecad000 RSP=000000001feada30
R8 =00000000000000af R9 =0000000000000000 R10=000000000000001c R11=000000001f8e6b18
R12=000000001fec5080 R13=000000000000000b R14=0000000000000000 R15=0000000000006e28
RIP=000000001fec1f3c RFL=00000206 [-----P-] CPL=0 II=0 A20=1 SMM=0 HLT=0
ES =0030 0000000000000000 ffffffff 00cf9300 DPL=0 DS   [-WA]
CS =0038 0000000000000000 ffffffff 00af9a00 DPL=0 CS64 [-R-]
SS =0030 0000000000000000 ffffffff 00cf9300 DPL=0 DS   [-WA]
DS =0030 0000000000000000 ffffffff 00cf9300 DPL=0 DS   [-WA]
FS =0030 0000000000000000 ffffffff 00cf9300 DPL=0 DS   [-WA]
GS =0030 0000000000000000 ffffffff 00cf9300 DPL=0 DS   [-WA]
LDT=0000 0000000000000000 0000ffff 00008200 DPL=0 LDT
TR =0000 0000000000000000 0000ffff 00008b00 DPL=0 TSS64-busy
GDT=     000000001f9eea98 00000047
IDT=     000000001f586018 00000fff
CR0=80010033 CR2=0000000000000000 CR3=000000001fc01000 CR4=00000668
DR0=0000000000000000 DR1=0000000000000000 DR2=0000000000000000 DR3=0000000000000000 
DR6=00000000ffff0ff0 DR7=0000000000000400
CCS=0000000000000004 CCD=0000000000006e28 CCO=EFLAGS
EFER=0000000000000d00
Servicing hardware INT=0x68
     8: v=68 e=0000 i=0 cpl=0 IP=0038:000000001fec1f3c pc=000000001fec1f3c SP=0030:000000001fead8b0 env->regs[R_EAX]=00000000000000af
RAX=00000000000000af RBX=000000001ecad018 RCX=0000000000000000 RDX=000000001ecad000
RSI=0000000000000000 RDI=000000001ecae818 RBP=000000001ecad000 RSP=000000001fead8b0
R8 =00000000000000af R9 =000000001feadc79 R10=000000001ecb2f98 R11=000000001ec3b2dc
R12=000000001fec5080 R13=0000000000000008 R14=0000000000000000 R15=0000000000001818
RIP=000000001fec1f3c RFL=00000206 [-----P-] CPL=0 II=0 A20=1 SMM=0 HLT=0
ES =0030 0000000000000000 ffffffff 00cf9300 DPL=0 DS   [-WA]
CS =0038 0000000000000000 ffffffff 00af9a00 DPL=0 CS64 [-R-]
SS =0030 0000000000000000 ffffffff 00cf9300 DPL=0 DS   [-WA]
DS =0030 0000000000000000 ffffffff 00cf9300 DPL=0 DS   [-WA]
FS =0030 0000000000000000 ffffffff 00cf9300 DPL=0 DS   [-WA]
GS =0030 0000000000000000 ffffffff 00cf9300 DPL=0 DS   [-WA]
LDT=0000 0000000000000000 0000ffff 00008200 DPL=0 LDT
TR =0000 0000000000000000 0000ffff 00008b00 DPL=0 TSS64-busy
GDT=     000000001f9eea98 00000047
IDT=     000000001f586018 00000fff
CR0=80010033 CR2=0000000000000000 CR3=000000001fc01000 CR4=00000668
DR0=0000000000000000 DR1=0000000000000000 DR2=0000000000000000 DR3=0000000000000000 
DR6=00000000ffff0ff0 DR7=0000000000000400
CCS=0000000000000004 CCD=0000000000001818 CCO=EFLAGS
EFER=0000000000000d00
Servicing hardware INT=0x68
     9: v=68 e=0000 i=0 cpl=0 IP=0038:000000001fec1f3c pc=000000001fec1f3c SP=0030:000000001fead840 env->regs[R_EAX]=00000000000000af
RAX=00000000000000af RBX=0000000000001430 RCX=0000000000000000 RDX=000000001ecad018
RSI=000000001ecad000 RDI=000000001ecae420 RBP=000000001fec5080 RSP=000000001fead840
R8 =00000000000000af R9 =0000000000002000 R10=000000001ecd1798 R11=000000001ec3b2dc
R12=000000001ecad018 R13=0000000000000000 R14=0000000000000002 R15=000000001ecad000
RIP=000000001fec1f3c RFL=00000202 [-------] CPL=0 II=0 A20=1 SMM=0 HLT=0
ES =0030 0000000000000000 ffffffff 00cf9300 DPL=0 DS   [-WA]
CS =0038 0000000000000000 ffffffff 00af9a00 DPL=0 CS64 [-R-]
SS =0030 0000000000000000 ffffffff 00cf9300 DPL=0 DS   [-WA]
DS =0030 0000000000000000 ffffffff 00cf9300 DPL=0 DS   [-WA]
FS =0030 0000000000000000 ffffffff 00cf9300 DPL=0 DS   [-WA]
GS =0030 0000000000000000 ffffffff 00cf9300 DPL=0 DS   [-WA]
LDT=0000 0000000000000000 0000ffff 00008200 DPL=0 LDT
TR =0000 0000000000000000 0000ffff 00008b00 DPL=0 TSS64-busy
GDT=     000000001f9eea98 00000047
IDT=     000000001f586018 00000fff
CR0=80010033 CR2=0000000000000000 CR3=000000001fc01000 CR4=00000668
DR0=0000000000000000 DR1=0000000000000000 DR2=0000000000000000 DR3=0000000000000000 
DR6=00000000ffff0ff0 DR7=0000000000000400
CCS=0000000000000000 CCD=0000000000001408 CCO=EFLAGS
EFER=0000000000000d00
Servicing hardware INT=0x68
    10: v=68 e=0000 i=0 cpl=0 IP=0038:000000001ec366c8 pc=000000001ec366c8 SP=0030:000000001feada70 env->regs[R_EAX]=000000001feadae0
RAX=000000001feadae0 RBX=0000000000005fd0 RCX=0000000000000000 RDX=000000001ec7e02c
RSI=000000001ec3bc06 RDI=000000001ecd1698 RBP=000000001feadc30 RSP=000000001feada70
R8 =0000000000000004 R9 =000000001ec7e02f R10=000000001ecd1708 R11=0000000000000000
R12=000000001ec7e02c R13=000000001ec64018 R14=000000001ec6b018 R15=000000001ec7e018
RIP=000000001ec366c8 RFL=00000247 [---Z-PC] CPL=0 II=0 A20=1 SMM=0 HLT=0
ES =0030 0000000000000000 ffffffff 00cf9300 DPL=0 DS   [-WA]
CS =0038 0000000000000000 ffffffff 00af9a00 DPL=0 CS64 [-R-]
SS =0030 0000000000000000 ffffffff 00cf9300 DPL=0 DS   [-WA]
DS =0030 0000000000000000 ffffffff 00cf9300 DPL=0 DS   [-WA]
FS =0030 0000000000000000 ffffffff 00cf9300 DPL=0 DS   [-WA]
GS =0030 0000000000000000 ffffffff 00cf9300 DPL=0 DS   [-WA]
LDT=0000 0000000000000000 0000ffff 00008200 DPL=0 LDT
TR =0000 0000000000000000 0000ffff 00008b00 DPL=0 TSS64-busy
GDT=     000000001f9eea98 00000047
IDT=     000000001f586018 00000fff
CR0=80010033 CR2=0000000000000000 CR3=000000001fc01000 CR4=00000668
DR0=0000000000000000 DR1=0000000000000000 DR2=0000000000000000 DR3=0000000000000000 
DR6=00000000ffff0ff0 DR7=0000000000000400
CCS=0000000000000045 CCD=0000000000000000 CCO=EFLAGS
EFER=0000000000000d00
Servicing hardware INT=0x68
    11: v=68 e=0000 i=0 cpl=0 IP=0038:000000001f52cc75 pc=000000001f52cc75 SP=0030:000000001fead570 env->regs[R_EAX]=000000001fead5b8
RAX=000000001fead5b8 RBX=0000000000000002 RCX=0000000000000000 RDX=000000001fead628
RSI=0000000000000000 RDI=000000001f54d2f0 RBP=000000001fead6d0 RSP=000000001fead570
R8 =0000000000000000 R9 =000000001fead62f R10=000000001fec5098 R11=000000001f54d518
R12=0000000000000000 R13=000000001f54d2f0 R14=0000000000000000 R15=000000001ed2c900
RIP=000000001f52cc75 RFL=00000246 [---Z-P-] CPL=0 II=0 A20=1 SMM=0 HLT=0
ES =0030 0000000000000000 ffffffff 00cf9300 DPL=0 DS   [-WA]
CS =0038 0000000000000000 ffffffff 00af9a00 DPL=0 CS64 [-R-]
SS =0030 0000000000000000 ffffffff 00cf9300 DPL=0 DS   [-WA]
DS =0030 0000000000000000 ffffffff 00cf9300 DPL=0 DS   [-WA]
FS =0030 0000000000000000 ffffffff 00cf9300 DPL=0 DS   [-WA]
GS =0030 0000000000000000 ffffffff 00cf9300 DPL=0 DS   [-WA]
LDT=0000 0000000000000000 0000ffff 00008200 DPL=0 LDT
TR =0000 0000000000000000 0000ffff 00008b00 DPL=0 TSS64-busy
GDT=     000000001f9eea98 00000047
IDT=     000000001f586018 00000fff
CR0=80010033 CR2=0000000000000000 CR3=000000001fc01000 CR4=00000668
DR0=0000000000000000 DR1=0000000000000000 DR2=0000000000000000 DR3=0000000000000000 
DR6=00000000ffff0ff0 DR7=0000000000000400
CCS=0000000000000044 CCD=0000000000000000 CCO=EFLAGS
EFER=0000000000000d00
Servicing hardware INT=0x68
    12: v=68 e=0000 i=0 cpl=0 IP=0038:000000001feba49e pc=000000001feba49e SP=0030:000000001fead310 env->regs[R_EAX]=0000000000000003
RAX=0000000000000003 RBX=0000000000000013 RCX=0000000000000000 RDX=0000000000000005
RSI=00000000bddac680 RDI=000000001ec3f018 RBP=0000000000000011 RSP=000000001fead310
R8 =0000000000000003 R9 =0000000000000003 R10=000000001ec42254 R11=0000000000000013
R12=000000001ec40234 R13=0000000000000006 R14=0000000000000008 R15=000000001eba9018
RIP=000000001feba49e RFL=00000246 [---Z-P-] CPL=0 II=0 A20=1 SMM=0 HLT=0
ES =0030 0000000000000000 ffffffff 00cf9300 DPL=0 DS   [-WA]
CS =0038 0000000000000000 ffffffff 00af9a00 DPL=0 CS64 [-R-]
SS =0030 0000000000000000 ffffffff 00cf9300 DPL=0 DS   [-WA]
DS =0030 0000000000000000 ffffffff 00cf9300 DPL=0 DS   [-WA]
FS =0030 0000000000000000 ffffffff 00cf9300 DPL=0 DS   [-WA]
GS =0030 0000000000000000 ffffffff 00cf9300 DPL=0 DS   [-WA]
LDT=0000 0000000000000000 0000ffff 00008200 DPL=0 LDT
TR =0000 0000000000000000 0000ffff 00008b00 DPL=0 TSS64-busy
GDT=     000000001f9eea98 00000047
IDT=     000000001f586018 00000fff
CR0=80010033 CR2=0000000000000000 CR3=000000001fc01000 CR4=00000668
DR0=0000000000000000 DR1=0000000000000000 DR2=0000000000000000 DR3=0000000000000000 
DR6=00000000ffff0ff0 DR7=0000000000000400
CCS=0000000000000044 CCD=0000000000000000 CCO=EFLAGS
EFER=0000000000000d00
Servicing hardware INT=0x68
    13: v=68 e=0000 i=0 cpl=0 IP=0038:000000001feb5f2f pc=000000001feb5f2f SP=0030:000000001fead560 env->regs[R_EAX]=000000001fbff508
RAX=000000001fbff508 RBX=000000001fb77fff RCX=000000001f581ce0 RDX=0000000000000008
RSI=000000001f549248 RDI=000000001fec36c0 RBP=000000001fb77000 RSP=000000001fead560
R8 =0000000000000007 R9 =000000001fead700 R10=000000001fec5098 R11=000000003c3faf64
R12=0000000000000009 R13=000000000002600f R14=0000000000000009 R15=000000001fb77000
RIP=000000001feb5f2f RFL=00000297 [--S-APC] CPL=0 II=0 A20=1 SMM=0 HLT=0
ES =0030 0000000000000000 ffffffff 00cf9300 DPL=0 DS   [-WA]
CS =0038 0000000000000000 ffffffff 00af9a00 DPL=0 CS64 [-R-]
SS =0030 0000000000000000 ffffffff 00cf9300 DPL=0 DS   [-WA]
DS =0030 0000000000000000 ffffffff 00cf9300 DPL=0 DS   [-WA]
FS =0030 0000000000000000 ffffffff 00cf9300 DPL=0 DS   [-WA]
GS =0030 0000000000000000 ffffffff 00cf9300 DPL=0 DS   [-WA]
LDT=0000 0000000000000000 0000ffff 00008200 DPL=0 LDT
TR =0000 0000000000000000 0000ffff 00008b00 DPL=0 TSS64-busy
GDT=     000000001f9eea98 00000047
IDT=     000000001f586018 00000fff
CR0=80010033 CR2=0000000000000000 CR3=000000001fc01000 CR4=00000668
DR0=0000000000000000 DR1=0000000000000000 DR2=0000000000000000 DR3=0000000000000000 
DR6=00000000ffff0ff0 DR7=0000000000000400
CCS=0000000000000095 CCD=fffffffffffffffa CCO=EFLAGS
EFER=0000000000000d00
Servicing hardware INT=0x68
    14: v=68 e=0000 i=0 cpl=0 IP=0038:000000001eb1499e pc=000000001eb1499e SP=0030:000000001fead7b0 env->regs[R_EAX]=00000000d2f3df72
RAX=00000000d2f3df72 RBX=000000001eb27020 RCX=0000000000000000 RDX=0000000000000064
RSI=000000001eb204c3 RDI=000000001eb215fe RBP=0000000000000000 RSP=000000001fead7b0
R8 =000000001fead76e R9 =0000000000000076 R10=000000001eb247c8 R11=0000000000000004
R12=000000001eb213e9 R13=0000000000000000 R14=000000001feadaa0 R15=000000001feadae8
RIP=000000001eb1499e RFL=00000286 [--S--P-] CPL=0 II=0 A20=1 SMM=0 HLT=0
ES =0030 0000000000000000 ffffffff 00cf9300 DPL=0 DS   [-WA]
CS =0038 0000000000000000 ffffffff 00af9a00 DPL=0 CS64 [-R-]
SS =0030 0000000000000000 ffffffff 00cf9300 DPL=0 DS   [-WA]
DS =0030 0000000000000000 ffffffff 00cf9300 DPL=0 DS   [-WA]
FS =0030 0000000000000000 ffffffff 00cf9300 DPL=0 DS   [-WA]
GS =0030 0000000000000000 ffffffff 00cf9300 DPL=0 DS   [-WA]
LDT=0000 0000000000000000 0000ffff 00008200 DPL=0 LDT
TR =0000 0000000000000000 0000ffff 00008b00 DPL=0 TSS64-busy
GDT=     000000001f9eea98 00000047
IDT=     000000001f586018 00000fff
CR0=80010033 CR2=0000000000000000 CR3=000000001fc01000 CR4=00000668
DR0=0000000000000000 DR1=0000000000000000 DR2=0000000000000000 DR3=0000000000000000 
DR6=00000000ffff0ff0 DR7=0000000000000400
CCS=0000000000000084 CCD=00000000d2f3df72 CCO=EFLAGS
EFER=0000000000000d00
Servicing hardware INT=0x68
    15: v=68 e=0000 i=0 cpl=0 IP=0038:000000001ec2312d pc=000000001ec2312d SP=0030:000000001fead540 env->regs[R_EAX]=000000001ec24885
RAX=000000001ec24885 RBX=0000000000000400 RCX=0000000000000000 RDX=000000001ec24885
RSI=0000000000000000 RDI=00000000000c0030 RBP=0000000000000000 RSP=000000001fead540
R8 =0000000000000051 R9 =0000000000000000 R10=000000001ec23ff8 R11=000000001ec24884
R12=0000000000000000 R13=000000001ec240e5 R14=0000000000000000 R15=0000000000000000
RIP=000000001ec2312d RFL=00000246 [---Z-P-] CPL=0 II=0 A20=1 SMM=0 HLT=0
ES =0030 0000000000000000 ffffffff 00cf9300 DPL=0 DS   [-WA]
CS =0038 0000000000000000 ffffffff 00af9a00 DPL=0 CS64 [-R-]
SS =0030 0000000000000000 ffffffff 00cf9300 DPL=0 DS   [-WA]
DS =0030 0000000000000000 ffffffff 00cf9300 DPL=0 DS   [-WA]
FS =0030 0000000000000000 ffffffff 00cf9300 DPL=0 DS   [-WA]
GS =0030 0000000000000000 ffffffff 00cf9300 DPL=0 DS   [-WA]
LDT=0000 0000000000000000 0000ffff 00008200 DPL=0 LDT
TR =0000 0000000000000000 0000ffff 00008b00 DPL=0 TSS64-busy
GDT=     000000001f9eea98 00000047
IDT=     000000001f586018 00000fff
CR0=80010033 CR2=0000000000000000 CR3=000000001fc01000 CR4=00000668
DR0=0000000000000000 DR1=0000000000000000 DR2=0000000000000000 DR3=0000000000000000 
DR6=00000000ffff0ff0 DR7=0000000000000400
CCS=0000000000000044 CCD=0000000000000000 CCO=EFLAGS
EFER=0000000000000d00
Servicing hardware INT=0x68
    16: v=68 e=0000 i=0 cpl=0 IP=0038:000000001f593434 pc=000000001f593434 SP=0030:000000001fead3e0 env->regs[R_EAX]=00000000000c449e
RAX=00000000000c449e RBX=00000000c00eed88 RCX=0000000000000004 RDX=0000000000000000
RSI=0000000000000004 RDI=0000000000100000 RBP=0000000000100000 RSP=000000001fead3e0
R8 =000000001fead52c R9 =0000000000000000 R10=00000000000fffff R11=0000000000000002
R12=000000000000000a R13=00000000c0000000 R14=000000001f548638 R15=000000001f548638
RIP=000000001f593434 RFL=00000246 [---Z-P-] CPL=0 II=0 A20=1 SMM=0 HLT=0
ES =0030 0000000000000000 ffffffff 00cf9300 DPL=0 DS   [-WA]
CS =0038 0000000000000000 ffffffff 00af9a00 DPL=0 CS64 [-R-]
SS =0030 0000000000000000 ffffffff 00cf9300 DPL=0 DS   [-WA]
DS =0030 0000000000000000 ffffffff 00cf9300 DPL=0 DS   [-WA]
FS =0030 0000000000000000 ffffffff 00cf9300 DPL=0 DS   [-WA]
GS =0030 0000000000000000 ffffffff 00cf9300 DPL=0 DS   [-WA]
LDT=0000 0000000000000000 0000ffff 00008200 DPL=0 LDT
TR =0000 0000000000000000 0000ffff 00008b00 DPL=0 TSS64-busy
GDT=     000000001f9eea98 00000047
IDT=     000000001f586018 00000fff
CR0=80010033 CR2=0000000000000000 CR3=000000001fc01000 CR4=00000668
DR0=0000000000000000 DR1=0000000000000000 DR2=0000000000000000 DR3=0000000000000000 
DR6=00000000ffff0ff0 DR7=0000000000000400
CCS=0000000000000044 CCD=0000000000000000 CCO=EFLAGS
EFER=0000000000000d00
Servicing hardware INT=0x68
    17: v=68 e=0000 i=0 cpl=0 IP=0038:000000001ecd73cc pc=000000001ecd73cc SP=0030:000000001fead508 env->regs[R_EAX]=0000000000000000
RAX=0000000000000000 RBX=000000001ec3f028 RCX=0000000000000010 RDX=00000000000003f9
RSI=0000000000000001 RDI=000000001ec3f018 RBP=000000001ec3f018 RSP=000000001fead508
R8 =0000000000000000 R9 =00000000000003f9 R10=000000000000000e R11=000000001ec3ef00
R12=0000000000000004 R13=000000001ec3f028 R14=0000000000000001 R15=000000001ec3f018
RIP=000000001ecd73cc RFL=00000246 [---Z-P-] CPL=0 II=0 A20=1 SMM=0 HLT=0
ES =0030 0000000000000000 ffffffff 00cf9300 DPL=0 DS   [-WA]
CS =0038 0000000000000000 ffffffff 00af9a00 DPL=0 CS64 [-R-]
SS =0030 0000000000000000 ffffffff 00cf9300 DPL=0 DS   [-WA]
DS =0030 0000000000000000 ffffffff 00cf9300 DPL=0 DS   [-WA]
FS =0030 0000000000000000 ffffffff 00cf9300 DPL=0 DS   [-WA]
GS =0030 0000000000000000 ffffffff 00cf9300 DPL=0 DS   [-WA]
LDT=0000 0000000000000000 0000ffff 00008200 DPL=0 LDT
TR =0000 0000000000000000 0000ffff 00008b00 DPL=0 TSS64-busy
GDT=     000000001f9eea98 00000047
IDT=     000000001f586018 00000fff
CR0=80010033 CR2=0000000000000000 CR3=000000001fc01000 CR4=00000668
DR0=0000000000000000 DR1=0000000000000000 DR2=0000000000000000 DR3=0000000000000000 
DR6=00000000ffff0ff0 DR7=0000000000000400
CCS=0000000000000044 CCD=0000000000000000 CCO=EFLAGS
EFER=0000000000000d00
Servicing hardware INT=0x68
    18: v=68 e=0000 i=0 cpl=0 IP=0038:000000001ece2918 pc=000000001ece2918 SP=0030:000000001fead6e8 env->regs[R_EAX]=0000000000215a6e
RAX=0000000000215a6e RBX=000000001ece4a80 RCX=0000000000215a8e RDX=0000000000000020
RSI=00000000000007d5 RDI=000000001ebc7018 RBP=0000000000000000 RSP=000000001fead6e8
R8 =000000001fead76f R9 =0000000000002000 R10=0000000000000014 R11=000000000000000a
R12=000000001ebc7018 R13=0000000000000000 R14=000000000000001d R15=000000001ece4a80
RIP=000000001ece2918 RFL=00000202 [-------] CPL=0 II=0 A20=1 SMM=0 HLT=0
ES =0030 0000000000000000 ffffffff 00cf9300 DPL=0 DS   [-WA]
CS =0038 0000000000000000 ffffffff 00af9a00 DPL=0 CS64 [-R-]
SS =0030 0000000000000000 ffffffff 00cf9300 DPL=0 DS   [-WA]
DS =0030 0000000000000000 ffffffff 00cf9300 DPL=0 DS   [-WA]
FS =0030 0000000000000000 ffffffff 00cf9300 DPL=0 DS   [-WA]
GS =0030 0000000000000000 ffffffff 00cf9300 DPL=0 DS   [-WA]
LDT=0000 0000000000000000 0000ffff 00008200 DPL=0 LDT
TR =0000 0000000000000000 0000ffff 00008b00 DPL=0 TSS64-busy
GDT=     000000001f9eea98 00000047
IDT=     000000001f586018 00000fff
CR0=80010033 CR2=0000000000000000 CR3=000000001fc01000 CR4=00000668
DR0=0000000000000000 DR1=0000000000000000 DR2=0000000000000000 DR3=0000000000000000 
DR6=00000000ffff0ff0 DR7=0000000000000400
CCS=0000000000000000 CCD=0000000000000020 CCO=EFLAGS
EFER=0000000000000d00
Servicing hardware INT=0x68
    19: v=68 e=0000 i=0 cpl=0 IP=0038:000000001ece2918 pc=000000001ece2918 SP=0030:000000001fead6e8 env->regs[R_EAX]=000000000021e723
RAX=000000000021e723 RBX=000000001ece4a80 RCX=000000000021e75c RDX=0000000000000039
RSI=0000000000000691 RDI=000000001ebc7018 RBP=0000000000000000 RSP=000000001fead6e8
R8 =000000001fead76f R9 =0000000000002000 R10=0000000000000014 R11=000000000000000a
R12=000000001ebc7018 R13=0000000000000000 R14=000000000000001d R15=000000001ece4a80
RIP=000000001ece2918 RFL=00000206 [-----P-] CPL=0 II=0 A20=1 SMM=0 HLT=0
ES =0030 0000000000000000 ffffffff 00cf9300 DPL=0 DS   [-WA]
CS =0038 0000000000000000 ffffffff 00af9a00 DPL=0 CS64 [-R-]
SS =0030 0000000000000000 ffffffff 00cf9300 DPL=0 DS   [-WA]
DS =0030 0000000000000000 ffffffff 00cf9300 DPL=0 DS   [-WA]
FS =0030 0000000000000000 ffffffff 00cf9300 DPL=0 DS   [-WA]
GS =0030 0000000000000000 ffffffff 00cf9300 DPL=0 DS   [-WA]
LDT=0000 0000000000000000 0000ffff 00008200 DPL=0 LDT
TR =0000 0000000000000000 0000ffff 00008b00 DPL=0 TSS64-busy
GDT=     000000001f9eea98 00000047
IDT=     000000001f586018 00000fff
CR0=80010033 CR2=0000000000000000 CR3=000000001fc01000 CR4=00000668
DR0=0000000000000000 DR1=0000000000000000 DR2=0000000000000000 DR3=0000000000000000 
DR6=00000000ffff0ff0 DR7=0000000000000400
CCS=0000000000000004 CCD=0000000000000039 CCO=EFLAGS
EFER=0000000000000d00
Servicing hardware INT=0x68
    20: v=68 e=0000 i=0 cpl=0 IP=0038:000000001ece2918 pc=000000001ece2918 SP=0030:000000001fead6e8 env->regs[R_EAX]=00000000002273db
RAX=00000000002273db RBX=000000001ece4a80 RCX=00000000002273ed RDX=0000000000000012
RSI=0000000000000552 RDI=000000001ebc7018 RBP=0000000000000000 RSP=000000001fead6e8
R8 =000000001fead76f R9 =0000000000002000 R10=0000000000000014 R11=000000000000000a
R12=000000001ebc7018 R13=0000000000000000 R14=000000000000001d R15=000000001ece4a80
RIP=000000001ece2918 RFL=00000206 [-----P-] CPL=0 II=0 A20=1 SMM=0 HLT=0
ES =0030 0000000000000000 ffffffff 00cf9300 DPL=0 DS   [-WA]
CS =0038 0000000000000000 ffffffff 00af9a00 DPL=0 CS64 [-R-]
SS =0030 0000000000000000 ffffffff 00cf9300 DPL=0 DS   [-WA]
DS =0030 0000000000000000 ffffffff 00cf9300 DPL=0 DS   [-WA]
FS =0030 0000000000000000 ffffffff 00cf9300 DPL=0 DS   [-WA]
GS =0030 0000000000000000 ffffffff 00cf9300 DPL=0 DS   [-WA]
LDT=0000 0000000000000000 0000ffff 00008200 DPL=0 LDT
TR =0000 0000000000000000 0000ffff 00008b00 DPL=0 TSS64-busy
GDT=     000000001f9eea98 00000047
IDT=     000000001f586018 00000fff
CR0=80010033 CR2=0000000000000000 CR3=000000001fc01000 CR4=00000668
DR0=0000000000000000 DR1=0000000000000000 DR2=0000000000000000 DR3=0000000000000000 
DR6=00000000ffff0ff0 DR7=0000000000000400
CCS=0000000000000004 CCD=0000000000000012 CCO=EFLAGS
EFER=0000000000000d00
Servicing hardware INT=0x68
    21: v=68 e=0000 i=0 cpl=0 IP=0038:000000001ece2918 pc=000000001ece2918 SP=0030:000000001fead6e8 env->regs[R_EAX]=0000000000230001
RAX=0000000000230001 RBX=000000001ece4a80 RCX=000000000023006c RDX=000000000000006b
RSI=000000000000040f RDI=000000001ebc7018 RBP=0000000000000000 RSP=000000001fead6e8
R8 =000000001fead76f R9 =0000000000002000 R10=0000000000000014 R11=000000000000000a
R12=000000001ebc7018 R13=0000000000000000 R14=000000000000001d R15=000000001ece4a80
RIP=000000001ece2918 RFL=00000202 [-------] CPL=0 II=0 A20=1 SMM=0 HLT=0
ES =0030 0000000000000000 ffffffff 00cf9300 DPL=0 DS   [-WA]
CS =0038 0000000000000000 ffffffff 00af9a00 DPL=0 CS64 [-R-]
SS =0030 0000000000000000 ffffffff 00cf9300 DPL=0 DS   [-WA]
DS =0030 0000000000000000 ffffffff 00cf9300 DPL=0 DS   [-WA]
FS =0030 0000000000000000 ffffffff 00cf9300 DPL=0 DS   [-WA]
GS =0030 0000000000000000 ffffffff 00cf9300 DPL=0 DS   [-WA]
LDT=0000 0000000000000000 0000ffff 00008200 DPL=0 LDT
TR =0000 0000000000000000 0000ffff 00008b00 DPL=0 TSS64-busy
GDT=     000000001f9eea98 00000047
IDT=     000000001f586018 00000fff
CR0=80010033 CR2=0000000000000000 CR3=000000001fc01000 CR4=00000668
DR0=0000000000000000 DR1=0000000000000000 DR2=0000000000000000 DR3=0000000000000000 
DR6=00000000ffff0ff0 DR7=0000000000000400
CCS=0000000000000000 CCD=000000000000006b CCO=EFLAGS
EFER=0000000000000d00
Servicing hardware INT=0x68
    22: v=68 e=0000 i=0 cpl=0 IP=0038:000000001ece2918 pc=000000001ece2918 SP=0030:000000001fead6e8 env->regs[R_EAX]=0000000000237b5c
RAX=0000000000237b5c RBX=000000001ece4a80 RCX=0000000000237b87 RDX=000000000000002b
RSI=00000000000002f3 RDI=000000001ebc7018 RBP=0000000000000000 RSP=000000001fead6e8
R8 =000000001fead76f R9 =0000000000002000 R10=0000000000000014 R11=000000000000000a
R12=000000001ebc7018 R13=0000000000000000 R14=000000000000001d R15=000000001ece4a80
RIP=000000001ece2918 RFL=00000206 [-----P-] CPL=0 II=0 A20=1 SMM=0 HLT=0
ES =0030 0000000000000000 ffffffff 00cf9300 DPL=0 DS   [-WA]
CS =0038 0000000000000000 ffffffff 00af9a00 DPL=0 CS64 [-R-]
SS =0030 0000000000000000 ffffffff 00cf9300 DPL=0 DS   [-WA]
DS =0030 0000000000000000 ffffffff 00cf9300 DPL=0 DS   [-WA]
FS =0030 0000000000000000 ffffffff 00cf9300 DPL=0 DS   [-WA]
GS =0030 0000000000000000 ffffffff 00cf9300 DPL=0 DS   [-WA]
LDT=0000 0000000000000000 0000ffff 00008200 DPL=0 LDT
TR =0000 0000000000000000 0000ffff 00008b00 DPL=0 TSS64-busy
GDT=     000000001f9eea98 00000047
IDT=     000000001f586018 00000fff
CR0=80010033 CR2=0000000000000000 CR3=000000001fc01000 CR4=00000668
DR0=0000000000000000 DR1=0000000000000000 DR2=0000000000000000 DR3=0000000000000000 
DR6=00000000ffff0ff0 DR7=0000000000000400
CCS=0000000000000004 CCD=000000000000002b CCO=EFLAGS
EFER=0000000000000d00
Servicing hardware INT=0x68
    23: v=68 e=0000 i=0 cpl=0 IP=0038:000000001ece2918 pc=000000001ece2918 SP=0030:000000001fead6e8 env->regs[R_EAX]=0000000000241cea
RAX=0000000000241cea RBX=000000001ece4a80 RCX=0000000000241d1c RDX=0000000000000032
RSI=000000000000017e RDI=000000001ebc7018 RBP=0000000000000000 RSP=000000001fead6e8
R8 =000000001fead76f R9 =0000000000002000 R10=0000000000000014 R11=000000000000000a
R12=000000001ebc7018 R13=0000000000000000 R14=000000000000001d R15=000000001ece4a80
RIP=000000001ece2918 RFL=00000202 [-------] CPL=0 II=0 A20=1 SMM=0 HLT=0
ES =0030 0000000000000000 ffffffff 00cf9300 DPL=0 DS   [-WA]
CS =0038 0000000000000000 ffffffff 00af9a00 DPL=0 CS64 [-R-]
SS =0030 0000000000000000 ffffffff 00cf9300 DPL=0 DS   [-WA]
DS =0030 0000000000000000 ffffffff 00cf9300 DPL=0 DS   [-WA]
FS =0030 0000000000000000 ffffffff 00cf9300 DPL=0 DS   [-WA]
GS =0030 0000000000000000 ffffffff 00cf9300 DPL=0 DS   [-WA]
LDT=0000 0000000000000000 0000ffff 00008200 DPL=0 LDT
TR =0000 0000000000000000 0000ffff 00008b00 DPL=0 TSS64-busy
GDT=     000000001f9eea98 00000047
IDT=     000000001f586018 00000fff
CR0=80010033 CR2=0000000000000000 CR3=000000001fc01000 CR4=00000668
DR0=0000000000000000 DR1=0000000000000000 DR2=0000000000000000 DR3=0000000000000000 
DR6=00000000ffff0ff0 DR7=0000000000000400
CCS=0000000000000000 CCD=0000000000000032 CCO=EFLAGS
EFER=0000000000000d00
Servicing hardware INT=0x68
    24: v=68 e=0000 i=0 cpl=0 IP=0038:000000001ece2918 pc=000000001ece2918 SP=0030:000000001fead6e8 env->regs[R_EAX]=000000000024985e
RAX=000000000024985e RBX=000000001ece4a80 RCX=000000000024986c RDX=000000000000000e
RSI=0000000000000062 RDI=000000001ebc7018 RBP=0000000000000000 RSP=000000001fead6e8
R8 =000000001fead76f R9 =0000000000002000 R10=0000000000000014 R11=000000000000000a
R12=000000001ebc7018 R13=0000000000000000 R14=000000000000001d R15=000000001ece4a80
RIP=000000001ece2918 RFL=00000202 [-------] CPL=0 II=0 A20=1 SMM=0 HLT=0
ES =0030 0000000000000000 ffffffff 00cf9300 DPL=0 DS   [-WA]
CS =0038 0000000000000000 ffffffff 00af9a00 DPL=0 CS64 [-R-]
SS =0030 0000000000000000 ffffffff 00cf9300 DPL=0 DS   [-WA]
DS =0030 0000000000000000 ffffffff 00cf9300 DPL=0 DS   [-WA]
FS =0030 0000000000000000 ffffffff 00cf9300 DPL=0 DS   [-WA]
GS =0030 0000000000000000 ffffffff 00cf9300 DPL=0 DS   [-WA]
LDT=0000 0000000000000000 0000ffff 00008200 DPL=0 LDT
TR =0000 0000000000000000 0000ffff 00008b00 DPL=0 TSS64-busy
GDT=     000000001f9eea98 00000047
IDT=     000000001f586018 00000fff
CR0=80010033 CR2=0000000000000000 CR3=000000001fc01000 CR4=00000668
DR0=0000000000000000 DR1=0000000000000000 DR2=0000000000000000 DR3=0000000000000000 
DR6=00000000ffff0ff0 DR7=0000000000000400
CCS=0000000000000000 CCD=000000000000000e CCO=EFLAGS
EFER=0000000000000d00
Servicing hardware INT=0x68
    25: v=68 e=0000 i=0 cpl=0 IP=0038:000000001f55e267 pc=000000001f55e267 SP=0030:000000001fead448 env->regs[R_EAX]=00000000002526cb
RAX=00000000002526cb RBX=0000000000030d40 RCX=0000000000000000 RDX=000000000000e39b
RSI=0000000000000000 RDI=0000000000260a66 RBP=ffffffff00000001 RSP=000000001fead448
R8 =000000001fead500 R9 =0000000000080001 R10=0000000000000000 R11=0000000000000002
R12=a000000000000002 R13=8000000000000009 R14=0000000000000000 R15=000000001ec55200
RIP=000000001f55e267 RFL=00000202 [-------] CPL=0 II=0 A20=1 SMM=0 HLT=0
ES =0030 0000000000000000 ffffffff 00cf9300 DPL=0 DS   [-WA]
CS =0038 0000000000000000 ffffffff 00af9a00 DPL=0 CS64 [-R-]
SS =0030 0000000000000000 ffffffff 00cf9300 DPL=0 DS   [-WA]
DS =0030 0000000000000000 ffffffff 00cf9300 DPL=0 DS   [-WA]
FS =0030 0000000000000000 ffffffff 00cf9300 DPL=0 DS   [-WA]
GS =0030 0000000000000000 ffffffff 00cf9300 DPL=0 DS   [-WA]
LDT=0000 0000000000000000 0000ffff 00008200 DPL=0 LDT
TR =0000 0000000000000000 0000ffff 00008b00 DPL=0 TSS64-busy
GDT=     000000001f9eea98 00000047
IDT=     000000001f586018 00000fff
CR0=80010033 CR2=0000000000000000 CR3=000000001fc01000 CR4=00000668
DR0=0000000000000000 DR1=0000000000000000 DR2=0000000000000000 DR3=0000000000000000 
DR6=00000000ffff0ff0 DR7=0000000000000400
CCS=0000000000000000 CCD=000000000000e39b CCO=EFLAGS
EFER=0000000000000d00
Servicing hardware INT=0x68
    26: v=68 e=0000 i=0 cpl=0 IP=0038:000000001f55e267 pc=000000001f55e267 SP=0030:000000001fead448 env->regs[R_EAX]=000000000025b2db
RAX=000000000025b2db RBX=0000000000030d40 RCX=0000000000000000 RDX=000000000000578b
RSI=0000000000000000 RDI=0000000000260a66 RBP=ffffffff00000001 RSP=000000001fead448
R8 =000000001fead500 R9 =0000000000080001 R10=0000000000000000 R11=0000000000000002
R12=a000000000000002 R13=8000000000000009 R14=0000000000000000 R15=000000001ec55200
RIP=000000001f55e267 RFL=00000206 [-----P-] CPL=0 II=0 A20=1 SMM=0 HLT=0
ES =0030 0000000000000000 ffffffff 00cf9300 DPL=0 DS   [-WA]
CS =0038 0000000000000000 ffffffff 00af9a00 DPL=0 CS64 [-R-]
SS =0030 0000000000000000 ffffffff 00cf9300 DPL=0 DS   [-WA]
DS =0030 0000000000000000 ffffffff 00cf9300 DPL=0 DS   [-WA]
FS =0030 0000000000000000 ffffffff 00cf9300 DPL=0 DS   [-WA]
GS =0030 0000000000000000 ffffffff 00cf9300 DPL=0 DS   [-WA]
LDT=0000 0000000000000000 0000ffff 00008200 DPL=0 LDT
TR =0000 0000000000000000 0000ffff 00008b00 DPL=0 TSS64-busy
GDT=     000000001f9eea98 00000047
IDT=     000000001f586018 00000fff
CR0=80010033 CR2=0000000000000000 CR3=000000001fc01000 CR4=00000668
DR0=0000000000000000 DR1=0000000000000000 DR2=0000000000000000 DR3=0000000000000000 
DR6=00000000ffff0ff0 DR7=0000000000000400
CCS=0000000000000004 CCD=000000000000578b CCO=EFLAGS
EFER=0000000000000d00
Servicing hardware INT=0x68
    27: v=68 e=0000 i=0 cpl=0 IP=0038:000000001ec53fb2 pc=000000001ec53fb2 SP=0030:000000001fead510 env->regs[R_EAX]=0000000000000000
RAX=0000000000000000 RBX=000000001ec81828 RCX=0000000000000004 RDX=0000000000080011
RSI=0000000000000004 RDI=000000001ebc6c18 RBP=000000001ebc6c18 RSP=000000001fead510
R8 =000000001fead4c0 R9 =0000000000004004 R10=0000000000000000 R11=0000000000000002
R12=000000001fead530 R13=8000000000000009 R14=0000000000000000 R15=000000001ec55200
RIP=000000001ec53fb2 RFL=00000246 [---Z-P-] CPL=0 II=0 A20=1 SMM=0 HLT=0
ES =0030 0000000000000000 ffffffff 00cf9300 DPL=0 DS   [-WA]
CS =0038 0000000000000000 ffffffff 00af9a00 DPL=0 CS64 [-R-]
SS =0030 0000000000000000 ffffffff 00cf9300 DPL=0 DS   [-WA]
DS =0030 0000000000000000 ffffffff 00cf9300 DPL=0 DS   [-WA]
FS =0030 0000000000000000 ffffffff 00cf9300 DPL=0 DS   [-WA]
GS =0030 0000000000000000 ffffffff 00cf9300 DPL=0 DS   [-WA]
LDT=0000 0000000000000000 0000ffff 00008200 DPL=0 LDT
TR =0000 0000000000000000 0000ffff 00008b00 DPL=0 TSS64-busy
GDT=     000000001f9eea98 00000047
IDT=     000000001f586018 00000fff
CR0=80010033 CR2=0000000000000000 CR3=000000001fc01000 CR4=00000668
DR0=0000000000000000 DR1=0000000000000000 DR2=0000000000000000 DR3=0000000000000000 
DR6=00000000ffff0ff0 DR7=0000000000000400
CCS=0000000000000044 CCD=0000000000000000 CCO=EFLAGS
EFER=0000000000000d00
Servicing hardware INT=0x68
    28: v=68 e=0000 i=0 cpl=0 IP=0038:000000001f55e267 pc=000000001f55e267 SP=0030:000000001fead3d8 env->regs[R_EAX]=000000000026c878
RAX=000000000026c878 RBX=00000000000f4240 RCX=0000000000000000 RDX=0000000000052370
RSI=0000000000000000 RDI=00000000002bebe8 RBP=ffffffff00000001 RSP=000000001fead3d8
R8 =0000000000000080 R9 =0000000000000000 R10=0000000000000000 R11=0000000000000002
R12=a000000000000002 R13=000000001eacab18 R14=000000001eacac98 R15=0000000000000000
RIP=000000001f55e267 RFL=00000202 [-------] CPL=0 II=0 A20=1 SMM=0 HLT=0
ES =0030 0000000000000000 ffffffff 00cf9300 DPL=0 DS   [-WA]
CS =0038 0000000000000000 ffffffff 00af9a00 DPL=0 CS64 [-R-]
SS =0030 0000000000000000 ffffffff 00cf9300 DPL=0 DS   [-WA]
DS =0030 0000000000000000 ffffffff 00cf9300 DPL=0 DS   [-WA]
FS =0030 0000000000000000 ffffffff 00cf9300 DPL=0 DS   [-WA]
GS =0030 0000000000000000 ffffffff 00cf9300 DPL=0 DS   [-WA]
LDT=0000 0000000000000000 0000ffff 00008200 DPL=0 LDT
TR =0000 0000000000000000 0000ffff 00008b00 DPL=0 TSS64-busy
GDT=     000000001f9eea98 00000047
IDT=     000000001f586018 00000fff
CR0=80010033 CR2=0000000000000000 CR3=000000001fc01000 CR4=00000668
DR0=0000000000000000 DR1=0000000000000000 DR2=0000000000000000 DR3=0000000000000000 
DR6=00000000ffff0ff0 DR7=0000000000000400
CCS=0000000000000000 CCD=0000000000052370 CCO=EFLAGS
EFER=0000000000000d00
Servicing hardware INT=0x68
    29: v=68 e=0000 i=0 cpl=0 IP=0038:000000001f55e267 pc=000000001f55e267 SP=0030:000000001fead3d8 env->regs[R_EAX]=0000000000275612
RAX=0000000000275612 RBX=00000000000f4240 RCX=0000000000000000 RDX=00000000000495d6
RSI=0000000000000000 RDI=00000000002bebe8 RBP=ffffffff00000001 RSP=000000001fead3d8
R8 =0000000000000080 R9 =0000000000000000 R10=0000000000000000 R11=0000000000000002
R12=a000000000000002 R13=000000001eacab18 R14=000000001eacac98 R15=0000000000000000
RIP=000000001f55e267 RFL=00000202 [-------] CPL=0 II=0 A20=1 SMM=0 HLT=0
ES =0030 0000000000000000 ffffffff 00cf9300 DPL=0 DS   [-WA]
CS =0038 0000000000000000 ffffffff 00af9a00 DPL=0 CS64 [-R-]
SS =0030 0000000000000000 ffffffff 00cf9300 DPL=0 DS   [-WA]
DS =0030 0000000000000000 ffffffff 00cf9300 DPL=0 DS   [-WA]
FS =0030 0000000000000000 ffffffff 00cf9300 DPL=0 DS   [-WA]
GS =0030 0000000000000000 ffffffff 00cf9300 DPL=0 DS   [-WA]
LDT=0000 0000000000000000 0000ffff 00008200 DPL=0 LDT
TR =0000 0000000000000000 0000ffff 00008b00 DPL=0 TSS64-busy
GDT=     000000001f9eea98 00000047
IDT=     000000001f586018 00000fff
CR0=80010033 CR2=0000000000000000 CR3=000000001fc01000 CR4=00000668
DR0=0000000000000000 DR1=0000000000000000 DR2=0000000000000000 DR3=0000000000000000 
DR6=00000000ffff0ff0 DR7=0000000000000400
CCS=0000000000000000 CCD=00000000000495d6 CCO=EFLAGS
EFER=0000000000000d00
Servicing hardware INT=0x68
    30: v=68 e=0000 i=0 cpl=0 IP=0038:000000001f55e267 pc=000000001f55e267 SP=0030:000000001fead3d8 env->regs[R_EAX]=000000000027d211
RAX=000000000027d211 RBX=00000000000f4240 RCX=0000000000000000 RDX=00000000000419d7
RSI=0000000000000000 RDI=00000000002bebe8 RBP=ffffffff00000001 RSP=000000001fead3d8
R8 =0000000000000080 R9 =0000000000000000 R10=0000000000000000 R11=0000000000000002
R12=a000000000000002 R13=000000001eacab18 R14=000000001eacac98 R15=0000000000000000
RIP=000000001f55e267 RFL=00000206 [-----P-] CPL=0 II=0 A20=1 SMM=0 HLT=0
ES =0030 0000000000000000 ffffffff 00cf9300 DPL=0 DS   [-WA]
CS =0038 0000000000000000 ffffffff 00af9a00 DPL=0 CS64 [-R-]
SS =0030 0000000000000000 ffffffff 00cf9300 DPL=0 DS   [-WA]
DS =0030 0000000000000000 ffffffff 00cf9300 DPL=0 DS   [-WA]
FS =0030 0000000000000000 ffffffff 00cf9300 DPL=0 DS   [-WA]
GS =0030 0000000000000000 ffffffff 00cf9300 DPL=0 DS   [-WA]
LDT=0000 0000000000000000 0000ffff 00008200 DPL=0 LDT
TR =0000 0000000000000000 0000ffff 00008b00 DPL=0 TSS64-busy
GDT=     000000001f9eea98 00000047
IDT=     000000001f586018 00000fff
CR0=80010033 CR2=0000000000000000 CR3=000000001fc01000 CR4=00000668
DR0=0000000000000000 DR1=0000000000000000 DR2=0000000000000000 DR3=0000000000000000 
DR6=00000000ffff0ff0 DR7=0000000000000400
CCS=0000000000000004 CCD=00000000000419d7 CCO=EFLAGS
EFER=0000000000000d00
Servicing hardware INT=0x68
    31: v=68 e=0000 i=0 cpl=0 IP=0038:000000001f55e267 pc=000000001f55e267 SP=0030:000000001fead3d8 env->regs[R_EAX]=0000000000285efc
RAX=0000000000285efc RBX=00000000000f4240 RCX=0000000000000000 RDX=0000000000038cec
RSI=0000000000000000 RDI=00000000002bebe8 RBP=ffffffff00000001 RSP=000000001fead3d8
R8 =0000000000000080 R9 =0000000000000000 R10=0000000000000000 R11=0000000000000002
R12=a000000000000002 R13=000000001eacab18 R14=000000001eacac98 R15=0000000000000000
RIP=000000001f55e267 RFL=00000202 [-------] CPL=0 II=0 A20=1 SMM=0 HLT=0
ES =0030 0000000000000000 ffffffff 00cf9300 DPL=0 DS   [-WA]
CS =0038 0000000000000000 ffffffff 00af9a00 DPL=0 CS64 [-R-]
SS =0030 0000000000000000 ffffffff 00cf9300 DPL=0 DS   [-WA]
DS =0030 0000000000000000 ffffffff 00cf9300 DPL=0 DS   [-WA]
FS =0030 0000000000000000 ffffffff 00cf9300 DPL=0 DS   [-WA]
GS =0030 0000000000000000 ffffffff 00cf9300 DPL=0 DS   [-WA]
LDT=0000 0000000000000000 0000ffff 00008200 DPL=0 LDT
TR =0000 0000000000000000 0000ffff 00008b00 DPL=0 TSS64-busy
GDT=     000000001f9eea98 00000047
IDT=     000000001f586018 00000fff
CR0=80010033 CR2=0000000000000000 CR3=000000001fc01000 CR4=00000668
DR0=0000000000000000 DR1=0000000000000000 DR2=0000000000000000 DR3=0000000000000000 
DR6=00000000ffff0ff0 DR7=0000000000000400
CCS=0000000000000000 CCD=0000000000038cec CCO=EFLAGS
EFER=0000000000000d00
Servicing hardware INT=0x68
    32: v=68 e=0000 i=0 cpl=0 IP=0038:000000001f55e267 pc=000000001f55e267 SP=0030:000000001fead3d8 env->regs[R_EAX]=000000000028ec79
RAX=000000000028ec79 RBX=00000000000f4240 RCX=0000000000000000 RDX=000000000002ff6f
RSI=0000000000000000 RDI=00000000002bebe8 RBP=ffffffff00000001 RSP=000000001fead3d8
R8 =0000000000000080 R9 =0000000000000000 R10=0000000000000000 R11=0000000000000002
R12=a000000000000002 R13=000000001eacab18 R14=000000001eacac98 R15=0000000000000000
RIP=000000001f55e267 RFL=00000206 [-----P-] CPL=0 II=0 A20=1 SMM=0 HLT=0
ES =0030 0000000000000000 ffffffff 00cf9300 DPL=0 DS   [-WA]
CS =0038 0000000000000000 ffffffff 00af9a00 DPL=0 CS64 [-R-]
SS =0030 0000000000000000 ffffffff 00cf9300 DPL=0 DS   [-WA]
DS =0030 0000000000000000 ffffffff 00cf9300 DPL=0 DS   [-WA]
FS =0030 0000000000000000 ffffffff 00cf9300 DPL=0 DS   [-WA]
GS =0030 0000000000000000 ffffffff 00cf9300 DPL=0 DS   [-WA]
LDT=0000 0000000000000000 0000ffff 00008200 DPL=0 LDT
TR =0000 0000000000000000 0000ffff 00008b00 DPL=0 TSS64-busy
GDT=     000000001f9eea98 00000047
IDT=     000000001f586018 00000fff
CR0=80010033 CR2=0000000000000000 CR3=000000001fc01000 CR4=00000668
DR0=0000000000000000 DR1=0000000000000000 DR2=0000000000000000 DR3=0000000000000000 
DR6=00000000ffff0ff0 DR7=0000000000000400
CCS=0000000000000004 CCD=000000000002ff6f CCO=EFLAGS
EFER=0000000000000d00
Servicing hardware INT=0x68
    33: v=68 e=0000 i=0 cpl=0 IP=0038:000000001f55e267 pc=000000001f55e267 SP=0030:000000001fead3d8 env->regs[R_EAX]=000000000029792b
RAX=000000000029792b RBX=00000000000f4240 RCX=0000000000000000 RDX=00000000000272bd
RSI=0000000000000000 RDI=00000000002bebe8 RBP=ffffffff00000001 RSP=000000001fead3d8
R8 =0000000000000080 R9 =0000000000000000 R10=0000000000000000 R11=0000000000000002
R12=a000000000000002 R13=000000001eacab18 R14=000000001eacac98 R15=0000000000000000
RIP=000000001f55e267 RFL=00000206 [-----P-] CPL=0 II=0 A20=1 SMM=0 HLT=0
ES =0030 0000000000000000 ffffffff 00cf9300 DPL=0 DS   [-WA]
CS =0038 0000000000000000 ffffffff 00af9a00 DPL=0 CS64 [-R-]
SS =0030 0000000000000000 ffffffff 00cf9300 DPL=0 DS   [-WA]
DS =0030 0000000000000000 ffffffff 00cf9300 DPL=0 DS   [-WA]
FS =0030 0000000000000000 ffffffff 00cf9300 DPL=0 DS   [-WA]
GS =0030 0000000000000000 ffffffff 00cf9300 DPL=0 DS   [-WA]
LDT=0000 0000000000000000 0000ffff 00008200 DPL=0 LDT
TR =0000 0000000000000000 0000ffff 00008b00 DPL=0 TSS64-busy
GDT=     000000001f9eea98 00000047
IDT=     000000001f586018 00000fff
CR0=80010033 CR2=0000000000000000 CR3=000000001fc01000 CR4=00000668
DR0=0000000000000000 DR1=0000000000000000 DR2=0000000000000000 DR3=0000000000000000 
DR6=00000000ffff0ff0 DR7=0000000000000400
CCS=0000000000000004 CCD=00000000000272bd CCO=EFLAGS
EFER=0000000000000d00
Servicing hardware INT=0x68
    34: v=68 e=0000 i=0 cpl=0 IP=0038:000000001f55e267 pc=000000001f55e267 SP=0030:000000001fead3d8 env->regs[R_EAX]=00000000002a0679
RAX=00000000002a0679 RBX=00000000000f4240 RCX=0000000000000000 RDX=000000000001e56f
RSI=0000000000000000 RDI=00000000002bebe8 RBP=ffffffff00000001 RSP=000000001fead3d8
R8 =0000000000000080 R9 =0000000000000000 R10=0000000000000000 R11=0000000000000002
R12=a000000000000002 R13=000000001eacab18 R14=000000001eacac98 R15=0000000000000000
RIP=000000001f55e267 RFL=00000206 [-----P-] CPL=0 II=0 A20=1 SMM=0 HLT=0
ES =0030 0000000000000000 ffffffff 00cf9300 DPL=0 DS   [-WA]
CS =0038 0000000000000000 ffffffff 00af9a00 DPL=0 CS64 [-R-]
SS =0030 0000000000000000 ffffffff 00cf9300 DPL=0 DS   [-WA]
DS =0030 0000000000000000 ffffffff 00cf9300 DPL=0 DS   [-WA]
FS =0030 0000000000000000 ffffffff 00cf9300 DPL=0 DS   [-WA]
GS =0030 0000000000000000 ffffffff 00cf9300 DPL=0 DS   [-WA]
LDT=0000 0000000000000000 0000ffff 00008200 DPL=0 LDT
TR =0000 0000000000000000 0000ffff 00008b00 DPL=0 TSS64-busy
GDT=     000000001f9eea98 00000047
IDT=     000000001f586018 00000fff
CR0=80010033 CR2=0000000000000000 CR3=000000001fc01000 CR4=00000668
DR0=0000000000000000 DR1=0000000000000000 DR2=0000000000000000 DR3=0000000000000000 
DR6=00000000ffff0ff0 DR7=0000000000000400
CCS=0000000000000004 CCD=000000000001e56f CCO=EFLAGS
EFER=0000000000000d00
Servicing hardware INT=0x68
    35: v=68 e=0000 i=0 cpl=0 IP=0038:000000001f55e267 pc=000000001f55e267 SP=0030:000000001fead3d8 env->regs[R_EAX]=00000000002a941e
RAX=00000000002a941e RBX=00000000000f4240 RCX=0000000000000000 RDX=00000000000157ca
RSI=0000000000000000 RDI=00000000002bebe8 RBP=ffffffff00000001 RSP=000000001fead3d8
R8 =0000000000000080 R9 =0000000000000000 R10=0000000000000000 R11=0000000000000002
R12=a000000000000002 R13=000000001eacab18 R14=000000001eacac98 R15=0000000000000000
RIP=000000001f55e267 RFL=00000206 [-----P-] CPL=0 II=0 A20=1 SMM=0 HLT=0
ES =0030 0000000000000000 ffffffff 00cf9300 DPL=0 DS   [-WA]
CS =0038 0000000000000000 ffffffff 00af9a00 DPL=0 CS64 [-R-]
SS =0030 0000000000000000 ffffffff 00cf9300 DPL=0 DS   [-WA]
DS =0030 0000000000000000 ffffffff 00cf9300 DPL=0 DS   [-WA]
FS =0030 0000000000000000 ffffffff 00cf9300 DPL=0 DS   [-WA]
GS =0030 0000000000000000 ffffffff 00cf9300 DPL=0 DS   [-WA]
LDT=0000 0000000000000000 0000ffff 00008200 DPL=0 LDT
TR =0000 0000000000000000 0000ffff 00008b00 DPL=0 TSS64-busy
GDT=     000000001f9eea98 00000047
IDT=     000000001f586018 00000fff
CR0=80010033 CR2=0000000000000000 CR3=000000001fc01000 CR4=00000668
DR0=0000000000000000 DR1=0000000000000000 DR2=0000000000000000 DR3=0000000000000000 
DR6=00000000ffff0ff0 DR7=0000000000000400
CCS=0000000000000004 CCD=00000000000157ca CCO=EFLAGS
EFER=0000000000000d00
Servicing hardware INT=0x68
    36: v=68 e=0000 i=0 cpl=0 IP=0038:000000001f55e267 pc=000000001f55e267 SP=0030:000000001fead3d8 env->regs[R_EAX]=00000000002b20fb
RAX=00000000002b20fb RBX=00000000000f4240 RCX=0000000000000000 RDX=000000000000caed
RSI=0000000000000000 RDI=00000000002bebe8 RBP=ffffffff00000001 RSP=000000001fead3d8
R8 =0000000000000080 R9 =0000000000000000 R10=0000000000000000 R11=0000000000000002
R12=a000000000000002 R13=000000001eacab18 R14=000000001eacac98 R15=0000000000000000
RIP=000000001f55e267 RFL=00000206 [-----P-] CPL=0 II=0 A20=1 SMM=0 HLT=0
ES =0030 0000000000000000 ffffffff 00cf9300 DPL=0 DS   [-WA]
CS =0038 0000000000000000 ffffffff 00af9a00 DPL=0 CS64 [-R-]
SS =0030 0000000000000000 ffffffff 00cf9300 DPL=0 DS   [-WA]
DS =0030 0000000000000000 ffffffff 00cf9300 DPL=0 DS   [-WA]
FS =0030 0000000000000000 ffffffff 00cf9300 DPL=0 DS   [-WA]
GS =0030 0000000000000000 ffffffff 00cf9300 DPL=0 DS   [-WA]
LDT=0000 0000000000000000 0000ffff 00008200 DPL=0 LDT
TR =0000 0000000000000000 0000ffff 00008b00 DPL=0 TSS64-busy
GDT=     000000001f9eea98 00000047
IDT=     000000001f586018 00000fff
CR0=80010033 CR2=0000000000000000 CR3=000000001fc01000 CR4=00000668
DR0=0000000000000000 DR1=0000000000000000 DR2=0000000000000000 DR3=0000000000000000 
DR6=00000000ffff0ff0 DR7=0000000000000400
CCS=0000000000000004 CCD=000000000000caed CCO=EFLAGS
EFER=0000000000000d00
Servicing hardware INT=0x68
    37: v=68 e=0000 i=0 cpl=0 IP=0038:000000001f55e267 pc=000000001f55e267 SP=0030:000000001fead3d8 env->regs[R_EAX]=00000000002baeb5
RAX=00000000002baeb5 RBX=00000000000f4240 RCX=0000000000000000 RDX=0000000000003d33
RSI=0000000000000000 RDI=00000000002bebe8 RBP=ffffffff00000001 RSP=000000001fead3d8
R8 =0000000000000080 R9 =0000000000000000 R10=0000000000000000 R11=0000000000000002
R12=a000000000000002 R13=000000001eacab18 R14=000000001eacac98 R15=0000000000000000
RIP=000000001f55e267 RFL=00000206 [-----P-] CPL=0 II=0 A20=1 SMM=0 HLT=0
ES =0030 0000000000000000 ffffffff 00cf9300 DPL=0 DS   [-WA]
CS =0038 0000000000000000 ffffffff 00af9a00 DPL=0 CS64 [-R-]
SS =0030 0000000000000000 ffffffff 00cf9300 DPL=0 DS   [-WA]
DS =0030 0000000000000000 ffffffff 00cf9300 DPL=0 DS   [-WA]
FS =0030 0000000000000000 ffffffff 00cf9300 DPL=0 DS   [-WA]
GS =0030 0000000000000000 ffffffff 00cf9300 DPL=0 DS   [-WA]
LDT=0000 0000000000000000 0000ffff 00008200 DPL=0 LDT
TR =0000 0000000000000000 0000ffff 00008b00 DPL=0 TSS64-busy
GDT=     000000001f9eea98 00000047
IDT=     000000001f586018 00000fff
CR0=80010033 CR2=0000000000000000 CR3=000000001fc01000 CR4=00000668
DR0=0000000000000000 DR1=0000000000000000 DR2=0000000000000000 DR3=0000000000000000 
DR6=00000000ffff0ff0 DR7=0000000000000400
CCS=0000000000000004 CCD=0000000000003d33 CCO=EFLAGS
EFER=0000000000000d00
Servicing hardware INT=0x68
    38: v=68 e=0000 i=0 cpl=0 IP=0038:000000001f55e267 pc=000000001f55e267 SP=0030:000000001fead398 env->regs[R_EAX]=00000000002c3bf9
RAX=00000000002c3bf9 RBX=000000000007a120 RCX=0000000000000000 RDX=0000000000026c85
RSI=0000000000000000 RDI=00000000002ea87e RBP=ffffffff00000001 RSP=000000001fead398
R8 =000000001fead3a0 R9 =0000000000001101 R10=0000000000000000 R11=0000000000000002
R12=a000000000000002 R13=000000001eaca018 R14=000000001eacac98 R15=0000000000000000
RIP=000000001f55e267 RFL=00000202 [-------] CPL=0 II=0 A20=1 SMM=0 HLT=0
ES =0030 0000000000000000 ffffffff 00cf9300 DPL=0 DS   [-WA]
CS =0038 0000000000000000 ffffffff 00af9a00 DPL=0 CS64 [-R-]
SS =0030 0000000000000000 ffffffff 00cf9300 DPL=0 DS   [-WA]
DS =0030 0000000000000000 ffffffff 00cf9300 DPL=0 DS   [-WA]
FS =0030 0000000000000000 ffffffff 00cf9300 DPL=0 DS   [-WA]
GS =0030 0000000000000000 ffffffff 00cf9300 DPL=0 DS   [-WA]
LDT=0000 0000000000000000 0000ffff 00008200 DPL=0 LDT
TR =0000 0000000000000000 0000ffff 00008b00 DPL=0 TSS64-busy
GDT=     000000001f9eea98 00000047
IDT=     000000001f586018 00000fff
CR0=80010033 CR2=0000000000000000 CR3=000000001fc01000 CR4=00000668
DR0=0000000000000000 DR1=0000000000000000 DR2=0000000000000000 DR3=0000000000000000 
DR6=00000000ffff0ff0 DR7=0000000000000400
CCS=0000000000000000 CCD=0000000000026c85 CCO=EFLAGS
EFER=0000000000000d00
Servicing hardware INT=0x68
    39: v=68 e=0000 i=0 cpl=0 IP=0038:000000001f55e267 pc=000000001f55e267 SP=0030:000000001fead398 env->regs[R_EAX]=00000000002cc8b2
RAX=00000000002cc8b2 RBX=000000000007a120 RCX=0000000000000000 RDX=000000000001dfcc
RSI=0000000000000000 RDI=00000000002ea87e RBP=ffffffff00000001 RSP=000000001fead398
R8 =000000001fead3a0 R9 =0000000000001101 R10=0000000000000000 R11=0000000000000002
R12=a000000000000002 R13=000000001eaca018 R14=000000001eacac98 R15=0000000000000000
RIP=000000001f55e267 RFL=00000206 [-----P-] CPL=0 II=0 A20=1 SMM=0 HLT=0
ES =0030 0000000000000000 ffffffff 00cf9300 DPL=0 DS   [-WA]
CS =0038 0000000000000000 ffffffff 00af9a00 DPL=0 CS64 [-R-]
SS =0030 0000000000000000 ffffffff 00cf9300 DPL=0 DS   [-WA]
DS =0030 0000000000000000 ffffffff 00cf9300 DPL=0 DS   [-WA]
FS =0030 0000000000000000 ffffffff 00cf9300 DPL=0 DS   [-WA]
GS =0030 0000000000000000 ffffffff 00cf9300 DPL=0 DS   [-WA]
LDT=0000 0000000000000000 0000ffff 00008200 DPL=0 LDT
TR =0000 0000000000000000 0000ffff 00008b00 DPL=0 TSS64-busy
GDT=     000000001f9eea98 00000047
IDT=     000000001f586018 00000fff
CR0=80010033 CR2=0000000000000000 CR3=000000001fc01000 CR4=00000668
DR0=0000000000000000 DR1=0000000000000000 DR2=0000000000000000 DR3=0000000000000000 
DR6=00000000ffff0ff0 DR7=0000000000000400
CCS=0000000000000004 CCD=000000000001dfcc CCO=EFLAGS
EFER=0000000000000d00
Servicing hardware INT=0x68
    40: v=68 e=0000 i=0 cpl=0 IP=0038:000000001f55e267 pc=000000001f55e267 SP=0030:000000001fead398 env->regs[R_EAX]=00000000002d5661
RAX=00000000002d5661 RBX=000000000007a120 RCX=0000000000000000 RDX=000000000001521d
RSI=0000000000000000 RDI=00000000002ea87e RBP=ffffffff00000001 RSP=000000001fead398
R8 =000000001fead3a0 R9 =0000000000001101 R10=0000000000000000 R11=0000000000000002
R12=a000000000000002 R13=000000001eaca018 R14=000000001eacac98 R15=0000000000000000
RIP=000000001f55e267 RFL=00000206 [-----P-] CPL=0 II=0 A20=1 SMM=0 HLT=0
ES =0030 0000000000000000 ffffffff 00cf9300 DPL=0 DS   [-WA]
CS =0038 0000000000000000 ffffffff 00af9a00 DPL=0 CS64 [-R-]
SS =0030 0000000000000000 ffffffff 00cf9300 DPL=0 DS   [-WA]
DS =0030 0000000000000000 ffffffff 00cf9300 DPL=0 DS   [-WA]
FS =0030 0000000000000000 ffffffff 00cf9300 DPL=0 DS   [-WA]
GS =0030 0000000000000000 ffffffff 00cf9300 DPL=0 DS   [-WA]
LDT=0000 0000000000000000 0000ffff 00008200 DPL=0 LDT
TR =0000 0000000000000000 0000ffff 00008b00 DPL=0 TSS64-busy
GDT=     000000001f9eea98 00000047
IDT=     000000001f586018 00000fff
CR0=80010033 CR2=0000000000000000 CR3=000000001fc01000 CR4=00000668
DR0=0000000000000000 DR1=0000000000000000 DR2=0000000000000000 DR3=0000000000000000 
DR6=00000000ffff0ff0 DR7=0000000000000400
CCS=0000000000000004 CCD=000000000001521d CCO=EFLAGS
EFER=0000000000000d00
Servicing hardware INT=0x68
    41: v=68 e=0000 i=0 cpl=0 IP=0038:000000001f55e267 pc=000000001f55e267 SP=0030:000000001fead398 env->regs[R_EAX]=00000000002de03c
RAX=00000000002de03c RBX=000000000007a120 RCX=0000000000000000 RDX=000000000000c842
RSI=0000000000000000 RDI=00000000002ea87e RBP=ffffffff00000001 RSP=000000001fead398
R8 =000000001fead3a0 R9 =0000000000001101 R10=0000000000000000 R11=0000000000000002
R12=a000000000000002 R13=000000001eaca018 R14=000000001eacac98 R15=0000000000000000
RIP=000000001f55e267 RFL=00000206 [-----P-] CPL=0 II=0 A20=1 SMM=0 HLT=0
ES =0030 0000000000000000 ffffffff 00cf9300 DPL=0 DS   [-WA]
CS =0038 0000000000000000 ffffffff 00af9a00 DPL=0 CS64 [-R-]
SS =0030 0000000000000000 ffffffff 00cf9300 DPL=0 DS   [-WA]
DS =0030 0000000000000000 ffffffff 00cf9300 DPL=0 DS   [-WA]
FS =0030 0000000000000000 ffffffff 00cf9300 DPL=0 DS   [-WA]
GS =0030 0000000000000000 ffffffff 00cf9300 DPL=0 DS   [-WA]
LDT=0000 0000000000000000 0000ffff 00008200 DPL=0 LDT
TR =0000 0000000000000000 0000ffff 00008b00 DPL=0 TSS64-busy
GDT=     000000001f9eea98 00000047
IDT=     000000001f586018 00000fff
CR0=80010033 CR2=0000000000000000 CR3=000000001fc01000 CR4=00000668
DR0=0000000000000000 DR1=0000000000000000 DR2=0000000000000000 DR3=0000000000000000 
DR6=00000000ffff0ff0 DR7=0000000000000400
CCS=0000000000000004 CCD=000000000000c842 CCO=EFLAGS
EFER=0000000000000d00
Servicing hardware INT=0x68
    42: v=68 e=0000 i=0 cpl=0 IP=0038:000000001f55e267 pc=000000001f55e267 SP=0030:000000001fead398 env->regs[R_EAX]=00000000002e6de8
RAX=00000000002e6de8 RBX=000000000007a120 RCX=0000000000000000 RDX=0000000000003a96
RSI=0000000000000000 RDI=00000000002ea87e RBP=ffffffff00000001 RSP=000000001fead398
R8 =000000001fead3a0 R9 =0000000000001101 R10=0000000000000000 R11=0000000000000002
R12=a000000000000002 R13=000000001eaca018 R14=000000001eacac98 R15=0000000000000000
RIP=000000001f55e267 RFL=00000206 [-----P-] CPL=0 II=0 A20=1 SMM=0 HLT=0
ES =0030 0000000000000000 ffffffff 00cf9300 DPL=0 DS   [-WA]
CS =0038 0000000000000000 ffffffff 00af9a00 DPL=0 CS64 [-R-]
SS =0030 0000000000000000 ffffffff 00cf9300 DPL=0 DS   [-WA]
DS =0030 0000000000000000 ffffffff 00cf9300 DPL=0 DS   [-WA]
FS =0030 0000000000000000 ffffffff 00cf9300 DPL=0 DS   [-WA]
GS =0030 0000000000000000 ffffffff 00cf9300 DPL=0 DS   [-WA]
LDT=0000 0000000000000000 0000ffff 00008200 DPL=0 LDT
TR =0000 0000000000000000 0000ffff 00008b00 DPL=0 TSS64-busy
GDT=     000000001f9eea98 00000047
IDT=     000000001f586018 00000fff
CR0=80010033 CR2=0000000000000000 CR3=000000001fc01000 CR4=00000668
DR0=0000000000000000 DR1=0000000000000000 DR2=0000000000000000 DR3=0000000000000000 
DR6=00000000ffff0ff0 DR7=0000000000000400
CCS=0000000000000004 CCD=0000000000003a96 CCO=EFLAGS
EFER=0000000000000d00
Servicing hardware INT=0x68
    43: v=68 e=0000 i=0 cpl=0 IP=0038:000000001f55e267 pc=000000001f55e267 SP=0030:000000001fead398 env->regs[R_EAX]=00000000002efaef
RAX=00000000002efaef RBX=0000000000030d40 RCX=0000000000000000 RDX=000000000000c64c
RSI=0000000000000000 RDI=00000000002fc13b RBP=ffffffff00000001 RSP=000000001fead398
R8 =000000001fead3b0 R9 =0000000000001001 R10=0000000000000000 R11=0000000000000002
R12=a000000000000002 R13=000000001eaca018 R14=000000001eacac98 R15=0000000000000000
RIP=000000001f55e267 RFL=00000202 [-------] CPL=0 II=0 A20=1 SMM=0 HLT=0
ES =0030 0000000000000000 ffffffff 00cf9300 DPL=0 DS   [-WA]
CS =0038 0000000000000000 ffffffff 00af9a00 DPL=0 CS64 [-R-]
SS =0030 0000000000000000 ffffffff 00cf9300 DPL=0 DS   [-WA]
DS =0030 0000000000000000 ffffffff 00cf9300 DPL=0 DS   [-WA]
FS =0030 0000000000000000 ffffffff 00cf9300 DPL=0 DS   [-WA]
GS =0030 0000000000000000 ffffffff 00cf9300 DPL=0 DS   [-WA]
LDT=0000 0000000000000000 0000ffff 00008200 DPL=0 LDT
TR =0000 0000000000000000 0000ffff 00008b00 DPL=0 TSS64-busy
GDT=     000000001f9eea98 00000047
IDT=     000000001f586018 00000fff
CR0=80010033 CR2=0000000000000000 CR3=000000001fc01000 CR4=00000668
DR0=0000000000000000 DR1=0000000000000000 DR2=0000000000000000 DR3=0000000000000000 
DR6=00000000ffff0ff0 DR7=0000000000000400
CCS=0000000000000000 CCD=000000000000c64c CCO=EFLAGS
EFER=0000000000000d00
Servicing hardware INT=0x68
    44: v=68 e=0000 i=0 cpl=0 IP=0038:000000001f55e267 pc=000000001f55e267 SP=0030:000000001fead398 env->regs[R_EAX]=00000000002f87b2
RAX=00000000002f87b2 RBX=0000000000030d40 RCX=0000000000000000 RDX=0000000000003989
RSI=0000000000000000 RDI=00000000002fc13b RBP=ffffffff00000001 RSP=000000001fead398
R8 =000000001fead3b0 R9 =0000000000001001 R10=0000000000000000 R11=0000000000000002
R12=a000000000000002 R13=000000001eaca018 R14=000000001eacac98 R15=0000000000000000
RIP=000000001f55e267 RFL=00000202 [-------] CPL=0 II=0 A20=1 SMM=0 HLT=0
ES =0030 0000000000000000 ffffffff 00cf9300 DPL=0 DS   [-WA]
CS =0038 0000000000000000 ffffffff 00af9a00 DPL=0 CS64 [-R-]
SS =0030 0000000000000000 ffffffff 00cf9300 DPL=0 DS   [-WA]
DS =0030 0000000000000000 ffffffff 00cf9300 DPL=0 DS   [-WA]
FS =0030 0000000000000000 ffffffff 00cf9300 DPL=0 DS   [-WA]
GS =0030 0000000000000000 ffffffff 00cf9300 DPL=0 DS   [-WA]
LDT=0000 0000000000000000 0000ffff 00008200 DPL=0 LDT
TR =0000 0000000000000000 0000ffff 00008b00 DPL=0 TSS64-busy
GDT=     000000001f9eea98 00000047
IDT=     000000001f586018 00000fff
CR0=80010033 CR2=0000000000000000 CR3=000000001fc01000 CR4=00000668
DR0=0000000000000000 DR1=0000000000000000 DR2=0000000000000000 DR3=0000000000000000 
DR6=00000000ffff0ff0 DR7=0000000000000400
CCS=0000000000000000 CCD=0000000000003989 CCO=EFLAGS
EFER=0000000000000d00
Servicing hardware INT=0x68
    45: v=68 e=0000 i=0 cpl=0 IP=0038:000000001f55e267 pc=000000001f55e267 SP=0030:000000001fead1f8 env->regs[R_EAX]=000000000030035f
RAX=000000000030035f RBX=000000000000000a RCX=0000000000000000 RDX=0000000000000003
RSI=0000000000000000 RDI=0000000000300362 RBP=ffffffff00000001 RSP=000000001fead1f8
R8 =000000001ebb5238 R9 =000000001ebb5180 R10=000000001ebb51d0 R11=0000000000000000
R12=a000000000000002 R13=000000001fead400 R14=000000000007a120 R15=000000001eacf598
RIP=000000001f55e267 RFL=00000206 [-----P-] CPL=0 II=0 A20=1 SMM=0 HLT=0
ES =0030 0000000000000000 ffffffff 00cf9300 DPL=0 DS   [-WA]
CS =0038 0000000000000000 ffffffff 00af9a00 DPL=0 CS64 [-R-]
SS =0030 0000000000000000 ffffffff 00cf9300 DPL=0 DS   [-WA]
DS =0030 0000000000000000 ffffffff 00cf9300 DPL=0 DS   [-WA]
FS =0030 0000000000000000 ffffffff 00cf9300 DPL=0 DS   [-WA]
GS =0030 0000000000000000 ffffffff 00cf9300 DPL=0 DS   [-WA]
LDT=0000 0000000000000000 0000ffff 00008200 DPL=0 LDT
TR =0000 0000000000000000 0000ffff 00008b00 DPL=0 TSS64-busy
GDT=     000000001f9eea98 00000047
IDT=     000000001f586018 00000fff
CR0=80010033 CR2=0000000000000000 CR3=000000001fc01000 CR4=00000668
DR0=0000000000000000 DR1=0000000000000000 DR2=0000000000000000 DR3=0000000000000000 
DR6=00000000ffff0ff0 DR7=0000000000000400
CCS=0000000000000004 CCD=0000000000000003 CCO=EFLAGS
EFER=0000000000000d00
Servicing hardware INT=0x68
    46: v=68 e=0000 i=0 cpl=0 IP=0038:000000001f55e267 pc=000000001f55e267 SP=0030:000000001fead1e8 env->regs[R_EAX]=0000000000309299
RAX=0000000000309299 RBX=000000000000000a RCX=0000000000000000 RDX=0000000000000003
RSI=0000000000000000 RDI=000000000030929c RBP=ffffffff00000001 RSP=000000001fead1e8
R8 =000000001ebb5238 R9 =000000001ebb5180 R10=000000001ebb51d0 R11=0000000000000000
R12=a000000000000002 R13=000000001fead400 R14=000000000007a120 R15=000000001eacf698
RIP=000000001f55e267 RFL=00000206 [-----P-] CPL=0 II=0 A20=1 SMM=0 HLT=0
ES =0030 0000000000000000 ffffffff 00cf9300 DPL=0 DS   [-WA]
CS =0038 0000000000000000 ffffffff 00af9a00 DPL=0 CS64 [-R-]
SS =0030 0000000000000000 ffffffff 00cf9300 DPL=0 DS   [-WA]
DS =0030 0000000000000000 ffffffff 00cf9300 DPL=0 DS   [-WA]
FS =0030 0000000000000000 ffffffff 00cf9300 DPL=0 DS   [-WA]
GS =0030 0000000000000000 ffffffff 00cf9300 DPL=0 DS   [-WA]
LDT=0000 0000000000000000 0000ffff 00008200 DPL=0 LDT
TR =0000 0000000000000000 0000ffff 00008b00 DPL=0 TSS64-busy
GDT=     000000001f9eea98 00000047
IDT=     000000001f586018 00000fff
CR0=80010033 CR2=0000000000000000 CR3=000000001fc01000 CR4=00000668
DR0=0000000000000000 DR1=0000000000000000 DR2=0000000000000000 DR3=0000000000000000 
DR6=00000000ffff0ff0 DR7=0000000000000400
CCS=0000000000000004 CCD=0000000000000003 CCO=EFLAGS
EFER=0000000000000d00
Servicing hardware INT=0x68
    47: v=68 e=0000 i=0 cpl=0 IP=0038:000000001ec4df50 pc=000000001ec4df50 SP=0030:000000001fead340 env->regs[R_EAX]=0000000000000000
RAX=0000000000000000 RBX=000000001eaca018 RCX=000000001eacf798 RDX=0000000000000003
RSI=000000001eac9f98 RDI=000000001eac9a98 RBP=000000001eac9a98 RSP=000000001fead340
R8 =000000000000000f R9 =ffffffffffff0004 R10=000000001eacaa98 R11=000000001ebcdc18
R12=000000001eacf798 R13=000000001eacf618 R14=000000001eac9ac0 R15=000000001eac9a98
RIP=000000001ec4df50 RFL=00000297 [--S-APC] CPL=0 II=0 A20=1 SMM=0 HLT=0
ES =0030 0000000000000000 ffffffff 00cf9300 DPL=0 DS   [-WA]
CS =0038 0000000000000000 ffffffff 00af9a00 DPL=0 CS64 [-R-]
SS =0030 0000000000000000 ffffffff 00cf9300 DPL=0 DS   [-WA]
DS =0030 0000000000000000 ffffffff 00cf9300 DPL=0 DS   [-WA]
FS =0030 0000000000000000 ffffffff 00cf9300 DPL=0 DS   [-WA]
GS =0030 0000000000000000 ffffffff 00cf9300 DPL=0 DS   [-WA]
LDT=0000 0000000000000000 0000ffff 00008200 DPL=0 LDT
TR =0000 0000000000000000 0000ffff 00008b00 DPL=0 TSS64-busy
GDT=     000000001f9eea98 00000047
IDT=     000000001f586018 00000fff
CR0=80010033 CR2=0000000000000000 CR3=000000001fc01000 CR4=00000668
DR0=0000000000000000 DR1=0000000000000000 DR2=0000000000000000 DR3=0000000000000000 
DR6=00000000ffff0ff0 DR7=0000000000000400
CCS=0000000000000095 CCD=ffffffffffffffff CCO=EFLAGS
EFER=0000000000000d00
ahci: IRQ#0 level:1
ahci: IRQ#0 level:1
Servicing hardware INT=0x68
    48: v=68 e=0000 i=0 cpl=0 IP=0038:000000001ece8f9a pc=000000001ece8f9a SP=0030:000000001feacec8 env->regs[R_EAX]=000000000031ae8e
RAX=000000000031ae8e RBX=000000001ec7d428 RCX=000000000031b700 RDX=0000000000000608
RSI=000000000000000a RDI=00000000000001a8 RBP=000000001eac8298 RSP=000000001feacec8
R8 =00000000000003e8 R9 =00000000000f4240 R10=0000000000000000 R11=0000000000000002
R12=0000000000000001 R13=000000001eac8380 R14=0000000000000198 R15=00000000000001a4
RIP=000000001ece8f9a RFL=00000206 [-----P-] CPL=0 II=0 A20=1 SMM=0 HLT=0
ES =0030 0000000000000000 ffffffff 00cf9300 DPL=0 DS   [-WA]
CS =0038 0000000000000000 ffffffff 00af9a00 DPL=0 CS64 [-R-]
SS =0030 0000000000000000 ffffffff 00cf9300 DPL=0 DS   [-WA]
DS =0030 0000000000000000 ffffffff 00cf9300 DPL=0 DS   [-WA]
FS =0030 0000000000000000 ffffffff 00cf9300 DPL=0 DS   [-WA]
GS =0030 0000000000000000 ffffffff 00cf9300 DPL=0 DS   [-WA]
LDT=0000 0000000000000000 0000ffff 00008200 DPL=0 LDT
TR =0000 0000000000000000 0000ffff 00008b00 DPL=0 TSS64-busy
GDT=     000000001f9eea98 00000047
IDT=     000000001f586018 00000fff
CR0=80010033 CR2=0000000000000000 CR3=000000001fc01000 CR4=00000668
DR0=0000000000000000 DR1=0000000000000000 DR2=0000000000000000 DR3=0000000000000000 
DR6=00000000ffff0ff0 DR7=0000000000000400
CCS=0000000000000004 CCD=0000000000000872 CCO=EFLAGS
EFER=0000000000000d00
ahci: IRQ#2 level:1
ahci: IRQ#2 level:1
Servicing hardware INT=0x68
    49: v=68 e=0000 i=0 cpl=0 IP=0038:000000001ece8fa6 pc=000000001ece8fa6 SP=0030:000000001feacec8 env->regs[R_EAX]=0000000000323b83
RAX=0000000000323b83 RBX=000000001ec7d428 RCX=0000000000324925 RDX=0000000000000da2
RSI=000000000000000f RDI=00000000000002a8 RBP=000000001eac8298 RSP=000000001feacec8
R8 =00000000000003e8 R9 =00000000000f4240 R10=0000000000000000 R11=0000000000000002
R12=0000000000000003 R13=000000001eac8380 R14=0000000000000298 R15=00000000000002a4
RIP=000000001ece8fa6 RFL=00000202 [-------] CPL=0 II=0 A20=1 SMM=0 HLT=0
ES =0030 0000000000000000 ffffffff 00cf9300 DPL=0 DS   [-WA]
CS =0038 0000000000000000 ffffffff 00af9a00 DPL=0 CS64 [-R-]
SS =0030 0000000000000000 ffffffff 00cf9300 DPL=0 DS   [-WA]
DS =0030 0000000000000000 ffffffff 00cf9300 DPL=0 DS   [-WA]
FS =0030 0000000000000000 ffffffff 00cf9300 DPL=0 DS   [-WA]
GS =0030 0000000000000000 ffffffff 00cf9300 DPL=0 DS   [-WA]
LDT=0000 0000000000000000 0000ffff 00008200 DPL=0 LDT
TR =0000 0000000000000000 0000ffff 00008b00 DPL=0 TSS64-busy
GDT=     000000001f9eea98 00000047
IDT=     000000001f586018 00000fff
CR0=80010033 CR2=0000000000000000 CR3=000000001fc01000 CR4=00000668
DR0=0000000000000000 DR1=0000000000000000 DR2=0000000000000000 DR3=0000000000000000 
DR6=00000000ffff0ff0 DR7=0000000000000400
CCS=0000000000000000 CCD=0000000000000da2 CCO=EFLAGS
EFER=0000000000000d00
Servicing hardware INT=0x68
    50: v=68 e=0000 i=0 cpl=0 IP=0038:000000001ece8fa6 pc=000000001ece8fa6 SP=0030:000000001feacec8 env->regs[R_EAX]=000000000032c962
RAX=000000000032c962 RBX=000000001ec7d428 RCX=000000000032d527 RDX=0000000000000bc5
RSI=0000000000000005 RDI=00000000000002a8 RBP=000000001eac8298 RSP=000000001feacec8
R8 =00000000000003e8 R9 =00000000000f4240 R10=0000000000000000 R11=0000000000000002
R12=0000000000000003 R13=000000001eac8380 R14=0000000000000298 R15=00000000000002a4
RIP=000000001ece8fa6 RFL=00000206 [-----P-] CPL=0 II=0 A20=1 SMM=0 HLT=0
ES =0030 0000000000000000 ffffffff 00cf9300 DPL=0 DS   [-WA]
CS =0038 0000000000000000 ffffffff 00af9a00 DPL=0 CS64 [-R-]
SS =0030 0000000000000000 ffffffff 00cf9300 DPL=0 DS   [-WA]
DS =0030 0000000000000000 ffffffff 00cf9300 DPL=0 DS   [-WA]
FS =0030 0000000000000000 ffffffff 00cf9300 DPL=0 DS   [-WA]
GS =0030 0000000000000000 ffffffff 00cf9300 DPL=0 DS   [-WA]
LDT=0000 0000000000000000 0000ffff 00008200 DPL=0 LDT
TR =0000 0000000000000000 0000ffff 00008b00 DPL=0 TSS64-busy
GDT=     000000001f9eea98 00000047
IDT=     000000001f586018 00000fff
CR0=80010033 CR2=0000000000000000 CR3=000000001fc01000 CR4=00000668
DR0=0000000000000000 DR1=0000000000000000 DR2=0000000000000000 DR3=0000000000000000 
DR6=00000000ffff0ff0 DR7=0000000000000400
CCS=0000000000000004 CCD=0000000000000bc5 CCO=EFLAGS
EFER=0000000000000d00
Servicing hardware INT=0x68
    51: v=68 e=0000 i=0 cpl=0 IP=0038:000000001ece8fa6 pc=000000001ece8fa6 SP=0030:000000001feacec8 env->regs[R_EAX]=00000000003356a2
RAX=00000000003356a2 RBX=000000001ec7d428 RCX=0000000000336134 RDX=0000000000000a92
RSI=000000000000000a RDI=0000000000000328 RBP=000000001eac8298 RSP=000000001feacec8
R8 =00000000000003e8 R9 =00000000000f4240 R10=0000000000000000 R11=0000000000000002
R12=0000000000000004 R13=000000001eac8380 R14=0000000000000318 R15=0000000000000324
RIP=000000001ece8fa6 RFL=00000202 [-------] CPL=0 II=0 A20=1 SMM=0 HLT=0
ES =0030 0000000000000000 ffffffff 00cf9300 DPL=0 DS   [-WA]
CS =0038 0000000000000000 ffffffff 00af9a00 DPL=0 CS64 [-R-]
SS =0030 0000000000000000 ffffffff 00cf9300 DPL=0 DS   [-WA]
DS =0030 0000000000000000 ffffffff 00cf9300 DPL=0 DS   [-WA]
FS =0030 0000000000000000 ffffffff 00cf9300 DPL=0 DS   [-WA]
GS =0030 0000000000000000 ffffffff 00cf9300 DPL=0 DS   [-WA]
LDT=0000 0000000000000000 0000ffff 00008200 DPL=0 LDT
TR =0000 0000000000000000 0000ffff 00008b00 DPL=0 TSS64-busy
GDT=     000000001f9eea98 00000047
IDT=     000000001f586018 00000fff
CR0=80010033 CR2=0000000000000000 CR3=000000001fc01000 CR4=00000668
DR0=0000000000000000 DR1=0000000000000000 DR2=0000000000000000 DR3=0000000000000000 
DR6=00000000ffff0ff0 DR7=0000000000000400
CCS=0000000000000000 CCD=0000000000000a92 CCO=EFLAGS
EFER=0000000000000d00
Servicing hardware INT=0x68
    52: v=68 e=0000 i=0 cpl=0 IP=0038:000000001ece8fa6 pc=000000001ece8fa6 SP=0030:000000001feacec8 env->regs[R_EAX]=000000000033e3bb
RAX=000000000033e3bb RBX=000000001ec7d428 RCX=000000000033ed4b RDX=0000000000000990
RSI=000000000000000f RDI=00000000000003a8 RBP=000000001eac8298 RSP=000000001feacec8
R8 =00000000000003e8 R9 =00000000000f4240 R10=0000000000000000 R11=0000000000000002
R12=0000000000000005 R13=000000001eac8380 R14=0000000000000398 R15=00000000000003a4
RIP=000000001ece8fa6 RFL=00000206 [-----P-] CPL=0 II=0 A20=1 SMM=0 HLT=0
ES =0030 0000000000000000 ffffffff 00cf9300 DPL=0 DS   [-WA]
CS =0038 0000000000000000 ffffffff 00af9a00 DPL=0 CS64 [-R-]
SS =0030 0000000000000000 ffffffff 00cf9300 DPL=0 DS   [-WA]
DS =0030 0000000000000000 ffffffff 00cf9300 DPL=0 DS   [-WA]
FS =0030 0000000000000000 ffffffff 00cf9300 DPL=0 DS   [-WA]
GS =0030 0000000000000000 ffffffff 00cf9300 DPL=0 DS   [-WA]
LDT=0000 0000000000000000 0000ffff 00008200 DPL=0 LDT
TR =0000 0000000000000000 0000ffff 00008b00 DPL=0 TSS64-busy
GDT=     000000001f9eea98 00000047
IDT=     000000001f586018 00000fff
CR0=80010033 CR2=0000000000000000 CR3=000000001fc01000 CR4=00000668
DR0=0000000000000000 DR1=0000000000000000 DR2=0000000000000000 DR3=0000000000000000 
DR6=00000000ffff0ff0 DR7=0000000000000400
CCS=0000000000000004 CCD=0000000000000990 CCO=EFLAGS
EFER=0000000000000d00
Servicing hardware INT=0x68
    53: v=68 e=0000 i=0 cpl=0 IP=0038:000000001ece8fa6 pc=000000001ece8fa6 SP=0030:000000001feacec8 env->regs[R_EAX]=0000000000347103
RAX=0000000000347103 RBX=000000001ec7d428 RCX=0000000000347942 RDX=000000000000083f
RSI=0000000000000005 RDI=00000000000003a8 RBP=000000001eac8298 RSP=000000001feacec8
R8 =00000000000003e8 R9 =00000000000f4240 R10=0000000000000000 R11=0000000000000002
R12=0000000000000005 R13=000000001eac8380 R14=0000000000000398 R15=00000000000003a4
RIP=000000001ece8fa6 RFL=00000206 [-----P-] CPL=0 II=0 A20=1 SMM=0 HLT=0
ES =0030 0000000000000000 ffffffff 00cf9300 DPL=0 DS   [-WA]
CS =0038 0000000000000000 ffffffff 00af9a00 DPL=0 CS64 [-R-]
SS =0030 0000000000000000 ffffffff 00cf9300 DPL=0 DS   [-WA]
DS =0030 0000000000000000 ffffffff 00cf9300 DPL=0 DS   [-WA]
FS =0030 0000000000000000 ffffffff 00cf9300 DPL=0 DS   [-WA]
GS =0030 0000000000000000 ffffffff 00cf9300 DPL=0 DS   [-WA]
LDT=0000 0000000000000000 0000ffff 00008200 DPL=0 LDT
TR =0000 0000000000000000 0000ffff 00008b00 DPL=0 TSS64-busy
GDT=     000000001f9eea98 00000047
IDT=     000000001f586018 00000fff
CR0=80010033 CR2=0000000000000000 CR3=000000001fc01000 CR4=00000668
DR0=0000000000000000 DR1=0000000000000000 DR2=0000000000000000 DR3=0000000000000000 
DR6=00000000ffff0ff0 DR7=0000000000000400
CCS=0000000000000004 CCD=000000000000083f CCO=EFLAGS
EFER=0000000000000d00
ahci: IRQ#0 level:1
ahci: IRQ#2 level:1
ahci: IRQ#2 level:1
ahci: IRQ#2 level:1
ahci: IRQ#2 level:1
ahci: IRQ#2 level:1
ahci: IRQ#2 level:1
ahci: IRQ#2 level:1
ahci: IRQ#2 level:1
ahci: IRQ#2 level:1
ahci: IRQ#2 level:1
ahci: IRQ#2 level:1
ahci: IRQ#2 level:1
ahci: IRQ#2 level:1
ahci: IRQ#2 level:1
ahci: IRQ#2 level:1
ahci: IRQ#2 level:1
ahci: IRQ#2 level:1
ahci: IRQ#2 level:1
ahci: IRQ#2 level:1
ahci: IRQ#2 level:1
ahci: IRQ#2 level:1
ahci: IRQ#2 level:1
ahci: IRQ#2 level:1
Servicing hardware INT=0x68
    54: v=68 e=0000 i=0 cpl=0 IP=0038:000000001ecedeb6 pc=000000001ecedeb6 SP=0030:000000001fead008 env->regs[R_EAX]=0000000000000000
RAX=0000000000000000 RBX=0000000000000000 RCX=0000000000000000 RDX=0000000000000000
RSI=0000000000000001 RDI=000000001eac4070 RBP=0000000000000001 RSP=000000001fead008
R8 =0000000000000002 R9 =0000000000000000 R10=000000001eac8380 R11=0000000011e1a300
R12=000000001fead130 R13=000000001ec7d428 R14=000000001eac8380 R15=0000000000000002
RIP=000000001ecedeb6 RFL=00000246 [---Z-P-] CPL=0 II=0 A20=1 SMM=0 HLT=0
ES =0030 0000000000000000 ffffffff 00cf9300 DPL=0 DS   [-WA]
CS =0038 0000000000000000 ffffffff 00af9a00 DPL=0 CS64 [-R-]
SS =0030 0000000000000000 ffffffff 00cf9300 DPL=0 DS   [-WA]
DS =0030 0000000000000000 ffffffff 00cf9300 DPL=0 DS   [-WA]
FS =0030 0000000000000000 ffffffff 00cf9300 DPL=0 DS   [-WA]
GS =0030 0000000000000000 ffffffff 00cf9300 DPL=0 DS   [-WA]
LDT=0000 0000000000000000 0000ffff 00008200 DPL=0 LDT
TR =0000 0000000000000000 0000ffff 00008b00 DPL=0 TSS64-busy
GDT=     000000001f9eea98 00000047
IDT=     000000001f586018 00000fff
CR0=80010033 CR2=0000000000000000 CR3=000000001fc01000 CR4=00000668
DR0=0000000000000000 DR1=0000000000000000 DR2=0000000000000000 DR3=0000000000000000 
DR6=00000000ffff0ff0 DR7=0000000000000400
CCS=0000000000000044 CCD=0000000000000000 CCO=EFLAGS
EFER=0000000000000d00
ahci: IRQ#2 level:1
ahci: IRQ#2 level:1
ahci: IRQ#2 level:1
ahci: IRQ#2 level:1
ahci: IRQ#2 level:1
ahci: IRQ#2 level:1
ahci: IRQ#2 level:1
ahci: IRQ#2 level:1
ahci: IRQ#2 level:1
ahci: IRQ#2 level:1
ahci: IRQ#2 level:1
ahci: IRQ#2 level:1
ahci: IRQ#2 level:1
ahci: IRQ#2 level:1
ahci: IRQ#2 level:1
ahci: IRQ#2 level:1
ahci: IRQ#2 level:1
ahci: IRQ#2 level:1
ahci: IRQ#2 level:1
ahci: IRQ#2 level:1
ahci: IRQ#2 level:1
ahci: IRQ#2 level:1
ahci: IRQ#2 level:1
ahci: IRQ#2 level:1
ahci: IRQ#2 level:1
ahci: IRQ#2 level:1
ahci: IRQ#2 level:1
ahci: IRQ#2 level:1
ahci: IRQ#2 level:1
ahci: IRQ#2 level:1
ahci: IRQ#2 level:1
ahci: IRQ#2 level:1
ahci: IRQ#2 level:1
ahci: IRQ#2 level:1
ahci: IRQ#2 level:1
ahci: IRQ#2 level:1
ahci: IRQ#2 level:1
ahci: IRQ#2 level:1
ahci: IRQ#2 level:1
ahci: IRQ#2 level:1
ahci: IRQ#2 level:1
ahci: IRQ#2 level:1
ahci: IRQ#2 level:1
ahci: IRQ#2 level:1
ahci: IRQ#2 level:1
ahci: IRQ#2 level:1
ahci: IRQ#2 level:1
ahci: IRQ#2 level:1
ahci: IRQ#2 level:1
ahci: IRQ#2 level:1
ahci: IRQ#2 level:1
ahci: IRQ#2 level:1
ahci: IRQ#0 level:1
ahci: IRQ#0 level:1
ahci: IRQ#0 level:1
ahci: IRQ#0 level:1
ahci: IRQ#0 level:1
ahci: IRQ#0 level:1
Servicing hardware INT=0x68
    55: v=68 e=0000 i=0 cpl=0 IP=0038:000000001ece8fa6 pc=000000001ece8fa6 SP=0030:000000001fead028 env->regs[R_EAX]=0000000000357cdd
RAX=0000000000357cdd RBX=000000000004baf1 RCX=0000000000357dfe RDX=0000000000000121
RSI=0000000000000000 RDI=000000001ec7d428 RBP=000000001ec7d428 RSP=000000001fead028
R8 =0000000000000064 R9 =00000000000f4240 R10=0000000000000000 R11=0000000000000002
R12=0000000000000000 R13=0000000000000000 R14=000000001eac8300 R15=8000000000000006
RIP=000000001ece8fa6 RFL=00000206 [-----P-] CPL=0 II=0 A20=1 SMM=0 HLT=0
ES =0030 0000000000000000 ffffffff 00cf9300 DPL=0 DS   [-WA]
CS =0038 0000000000000000 ffffffff 00af9a00 DPL=0 CS64 [-R-]
SS =0030 0000000000000000 ffffffff 00cf9300 DPL=0 DS   [-WA]
DS =0030 0000000000000000 ffffffff 00cf9300 DPL=0 DS   [-WA]
FS =0030 0000000000000000 ffffffff 00cf9300 DPL=0 DS   [-WA]
GS =0030 0000000000000000 ffffffff 00cf9300 DPL=0 DS   [-WA]
LDT=0000 0000000000000000 0000ffff 00008200 DPL=0 LDT
TR =0000 0000000000000000 0000ffff 00008b00 DPL=0 TSS64-busy
GDT=     000000001f9eea98 00000047
IDT=     000000001f586018 00000fff
CR0=80010033 CR2=0000000000000000 CR3=000000001fc01000 CR4=00000668
DR0=0000000000000000 DR1=0000000000000000 DR2=0000000000000000 DR3=0000000000000000 
DR6=00000000ffff0ff0 DR7=0000000000000400
CCS=0000000000000004 CCD=0000000000000121 CCO=EFLAGS
EFER=0000000000000d00
ahci: IRQ#0 level:1
ahci: IRQ#0 level:1
ahci: IRQ#0 level:1
Servicing hardware INT=0x68
    56: v=68 e=0000 i=0 cpl=0 IP=0038:000000001ecce2c3 pc=000000001ecce2c3 SP=0030:000000001fead420 env->regs[R_EAX]=000000001e99e701
RAX=000000001e99e701 RBX=000000001e99e898 RCX=000000001ed15760 RDX=000000001e99e8a4
RSI=0000000000000000 RDI=000000001e99e8a4 RBP=000000001e99e018 RSP=000000001fead420
R8 =0000000000000000 R9 =000000001e99e7e0 R10=0000000000000000 R11=000000001ed15960
R12=000000001e99e7d8 R13=000000001e99e798 R14=8000000000000003 R15=000000001fead4d8
RIP=000000001ecce2c3 RFL=00000202 [-------] CPL=0 II=0 A20=1 SMM=0 HLT=0
ES =0030 0000000000000000 ffffffff 00cf9300 DPL=0 DS   [-WA]
CS =0038 0000000000000000 ffffffff 00af9a00 DPL=0 CS64 [-R-]
SS =0030 0000000000000000 ffffffff 00cf9300 DPL=0 DS   [-WA]
DS =0030 0000000000000000 ffffffff 00cf9300 DPL=0 DS   [-WA]
FS =0030 0000000000000000 ffffffff 00cf9300 DPL=0 DS   [-WA]
GS =0030 0000000000000000 ffffffff 00cf9300 DPL=0 DS   [-WA]
LDT=0000 0000000000000000 0000ffff 00008200 DPL=0 LDT
TR =0000 0000000000000000 0000ffff 00008b00 DPL=0 TSS64-busy
GDT=     000000001f9eea98 00000047
IDT=     000000001f586018 00000fff
CR0=80010033 CR2=0000000000000000 CR3=000000001fc01000 CR4=00000668
DR0=0000000000000000 DR1=0000000000000000 DR2=0000000000000000 DR3=0000000000000000 
DR6=00000000ffff0ff0 DR7=0000000000000400
CCS=0000000000000000 CCD=000000001e99e701 CCO=EFLAGS
EFER=0000000000000d00
ahci: IRQ#0 level:1
ahci: IRQ#0 level:1
ahci: IRQ#0 level:1
ahci: IRQ#0 level:1
ahci: IRQ#0 level:1
ahci: IRQ#0 level:1
ahci: IRQ#0 level:1
ahci: IRQ#0 level:1
ahci: IRQ#0 level:1
ahci: IRQ#0 level:1
ahci: IRQ#0 level:1
ahci: IRQ#0 level:1
ahci: IRQ#0 level:1
ahci: IRQ#0 level:1
ahci: IRQ#0 level:1
ahci: IRQ#0 level:1
ahci: IRQ#0 level:1
ahci: IRQ#0 level:1
ahci: IRQ#0 level:1
ahci: IRQ#0 level:1
ahci: IRQ#0 level:1
ahci: IRQ#0 level:1
ahci: IRQ#0 level:1
Servicing hardware INT=0x68
    57: v=68 e=0000 i=0 cpl=0 IP=0038:000000001feae56b pc=000000001feae56b SP=0030:000000001fead578 env->regs[R_EAX]=000000001ec98620
RAX=000000001ec98620 RBX=0000000000000001 RCX=000000001ec97098 RDX=000000001fec3a50
RSI=000000001fead758 RDI=000000001eda9018 RBP=000000001f8eef98 RSP=000000001fead578
R8 =000000001fead678 R9 =000000001f8eef98 R10=000000001fead758 R11=0000000000000030
R12=000000001eda9018 R13=000000001fead678 R14=0000000000000000 R15=000000001fec3960
RIP=000000001feae56b RFL=00000202 [-------] CPL=0 II=0 A20=1 SMM=0 HLT=0
ES =0030 0000000000000000 ffffffff 00cf9300 DPL=0 DS   [-WA]
CS =0038 0000000000000000 ffffffff 00af9a00 DPL=0 CS64 [-R-]
SS =0030 0000000000000000 ffffffff 00cf9300 DPL=0 DS   [-WA]
DS =0030 0000000000000000 ffffffff 00cf9300 DPL=0 DS   [-WA]
FS =0030 0000000000000000 ffffffff 00cf9300 DPL=0 DS   [-WA]
GS =0030 0000000000000000 ffffffff 00cf9300 DPL=0 DS   [-WA]
LDT=0000 0000000000000000 0000ffff 00008200 DPL=0 LDT
TR =0000 0000000000000000 0000ffff 00008b00 DPL=0 TSS64-busy
GDT=     000000001f9eea98 00000047
IDT=     000000001f586018 00000fff
CR0=80010033 CR2=0000000000000000 CR3=000000001fc01000 CR4=00000668
DR0=0000000000000000 DR1=0000000000000000 DR2=0000000000000000 DR3=0000000000000000 
DR6=00000000ffff0ff0 DR7=0000000000000400
CCS=0000000000000000 CCD=0000000000111f80 CCO=EFLAGS
EFER=0000000000000d00
Servicing hardware INT=0x68
    58: v=68 e=0000 i=0 cpl=0 IP=0038:000000001feae56b pc=000000001feae56b SP=0030:000000001fead738 env->regs[R_EAX]=000000001ece6720
RAX=000000001ece6720 RBX=0000000000000001 RCX=000000001ecfb518 RDX=000000001fec3a50
RSI=000000001fead918 RDI=000000001ed0b498 RBP=000000001f8eef98 RSP=000000001fead738
R8 =000000001fead838 R9 =000000001f8eef98 R10=000000001fead918 R11=000000000000000a
R12=000000001ed0b498 R13=000000001fead838 R14=0000000000000000 R15=000000001fec3960
RIP=000000001feae56b RFL=00000202 [-------] CPL=0 II=0 A20=1 SMM=0 HLT=0
ES =0030 0000000000000000 ffffffff 00cf9300 DPL=0 DS   [-WA]
CS =0038 0000000000000000 ffffffff 00af9a00 DPL=0 CS64 [-R-]
SS =0030 0000000000000000 ffffffff 00cf9300 DPL=0 DS   [-WA]
DS =0030 0000000000000000 ffffffff 00cf9300 DPL=0 DS   [-WA]
FS =0030 0000000000000000 ffffffff 00cf9300 DPL=0 DS   [-WA]
GS =0030 0000000000000000 ffffffff 00cf9300 DPL=0 DS   [-WA]
LDT=0000 0000000000000000 0000ffff 00008200 DPL=0 LDT
TR =0000 0000000000000000 0000ffff 00008b00 DPL=0 TSS64-busy
GDT=     000000001f9eea98 00000047
IDT=     000000001f586018 00000fff
CR0=80010033 CR2=0000000000000000 CR3=000000001fc01000 CR4=00000668
DR0=0000000000000000 DR1=0000000000000000 DR2=0000000000000000 DR3=0000000000000000 
DR6=00000000ffff0ff0 DR7=0000000000000400
CCS=0000000000000000 CCD=000000000000ff80 CCO=EFLAGS
EFER=0000000000000d00
Servicing hardware INT=0x68
    59: v=68 e=0000 i=0 cpl=0 IP=0038:000000001f55e267 pc=000000001f55e267 SP=0030:000000001fead598 env->regs[R_EAX]=000000000037b655
RAX=000000000037b655 RBX=0000000000002710 RCX=0000000000000000 RDX=000000000000038d
RSI=0000000000000000 RDI=000000000037b9e2 RBP=ffffffff00000001 RSP=000000001fead598
R8 =00000000000000af R9 =000000001f54d918 R10=0000000000000020 R11=000000001eb240d0
R12=a000000000000002 R13=000000001eb25ef8 R14=0000000000000004 R15=000000001eb25f18
RIP=000000001f55e267 RFL=00000206 [-----P-] CPL=0 II=0 A20=1 SMM=0 HLT=0
ES =0030 0000000000000000 ffffffff 00cf9300 DPL=0 DS   [-WA]
CS =0038 0000000000000000 ffffffff 00af9a00 DPL=0 CS64 [-R-]
SS =0030 0000000000000000 ffffffff 00cf9300 DPL=0 DS   [-WA]
DS =0030 0000000000000000 ffffffff 00cf9300 DPL=0 DS   [-WA]
FS =0030 0000000000000000 ffffffff 00cf9300 DPL=0 DS   [-WA]
GS =0030 0000000000000000 ffffffff 00cf9300 DPL=0 DS   [-WA]
LDT=0000 0000000000000000 0000ffff 00008200 DPL=0 LDT
TR =0000 0000000000000000 0000ffff 00008b00 DPL=0 TSS64-busy
GDT=     000000001f9eea98 00000047
IDT=     000000001f586018 00000fff
CR0=80010033 CR2=0000000000000000 CR3=000000001fc01000 CR4=00000668
DR0=0000000000000000 DR1=0000000000000000 DR2=0000000000000000 DR3=0000000000000000 
DR6=00000000ffff0ff0 DR7=0000000000000400
CCS=0000000000000004 CCD=000000000000038d CCO=EFLAGS
EFER=0000000000000d00
Servicing hardware INT=0x68
    60: v=68 e=0000 i=0 cpl=0 IP=0038:000000001f55e267 pc=000000001f55e267 SP=0030:000000001fead598 env->regs[R_EAX]=00000000003842c6
RAX=00000000003842c6 RBX=0000000000002710 RCX=0000000000000000 RDX=0000000000000350
RSI=0000000000000000 RDI=0000000000384616 RBP=ffffffff00000001 RSP=000000001fead598
R8 =00000000000000af R9 =000000001f54d918 R10=0000000000000020 R11=000000001eb240d0
R12=a000000000000002 R13=000000001eb25ef8 R14=0000000000000004 R15=000000001eb25f18
RIP=000000001f55e267 RFL=00000206 [-----P-] CPL=0 II=0 A20=1 SMM=0 HLT=0
ES =0030 0000000000000000 ffffffff 00cf9300 DPL=0 DS   [-WA]
CS =0038 0000000000000000 ffffffff 00af9a00 DPL=0 CS64 [-R-]
SS =0030 0000000000000000 ffffffff 00cf9300 DPL=0 DS   [-WA]
DS =0030 0000000000000000 ffffffff 00cf9300 DPL=0 DS   [-WA]
FS =0030 0000000000000000 ffffffff 00cf9300 DPL=0 DS   [-WA]
GS =0030 0000000000000000 ffffffff 00cf9300 DPL=0 DS   [-WA]
LDT=0000 0000000000000000 0000ffff 00008200 DPL=0 LDT
TR =0000 0000000000000000 0000ffff 00008b00 DPL=0 TSS64-busy
GDT=     000000001f9eea98 00000047
IDT=     000000001f586018 00000fff
CR0=80010033 CR2=0000000000000000 CR3=000000001fc01000 CR4=00000668
DR0=0000000000000000 DR1=0000000000000000 DR2=0000000000000000 DR3=0000000000000000 
DR6=00000000ffff0ff0 DR7=0000000000000400
CCS=0000000000000004 CCD=0000000000000350 CCO=EFLAGS
EFER=0000000000000d00
Servicing hardware INT=0x68
    61: v=68 e=0000 i=0 cpl=0 IP=0038:000000001f55e267 pc=000000001f55e267 SP=0030:000000001fead598 env->regs[R_EAX]=000000000038d035
RAX=000000000038d035 RBX=0000000000002710 RCX=0000000000000000 RDX=0000000000000263
RSI=0000000000000000 RDI=000000000038d298 RBP=ffffffff00000001 RSP=000000001fead598
R8 =00000000000000af R9 =000000001f54d918 R10=0000000000000020 R11=000000001eb240d0
R12=a000000000000002 R13=000000001eb25ef8 R14=0000000000000004 R15=000000001eb25f18
RIP=000000001f55e267 RFL=00000206 [-----P-] CPL=0 II=0 A20=1 SMM=0 HLT=0
ES =0030 0000000000000000 ffffffff 00cf9300 DPL=0 DS   [-WA]
CS =0038 0000000000000000 ffffffff 00af9a00 DPL=0 CS64 [-R-]
SS =0030 0000000000000000 ffffffff 00cf9300 DPL=0 DS   [-WA]
DS =0030 0000000000000000 ffffffff 00cf9300 DPL=0 DS   [-WA]
FS =0030 0000000000000000 ffffffff 00cf9300 DPL=0 DS   [-WA]
GS =0030 0000000000000000 ffffffff 00cf9300 DPL=0 DS   [-WA]
LDT=0000 0000000000000000 0000ffff 00008200 DPL=0 LDT
TR =0000 0000000000000000 0000ffff 00008b00 DPL=0 TSS64-busy
GDT=     000000001f9eea98 00000047
IDT=     000000001f586018 00000fff
CR0=80010033 CR2=0000000000000000 CR3=000000001fc01000 CR4=00000668
DR0=0000000000000000 DR1=0000000000000000 DR2=0000000000000000 DR3=0000000000000000 
DR6=00000000ffff0ff0 DR7=0000000000000400
CCS=0000000000000004 CCD=0000000000000263 CCO=EFLAGS
EFER=0000000000000d00
Servicing hardware INT=0x68
    62: v=68 e=0000 i=0 cpl=0 IP=0038:000000001f55e267 pc=000000001f55e267 SP=0030:000000001fead598 env->regs[R_EAX]=0000000000394ba9
RAX=0000000000394ba9 RBX=0000000000002710 RCX=0000000000000000 RDX=00000000000004e4
RSI=0000000000000000 RDI=000000000039508d RBP=ffffffff00000001 RSP=000000001fead598
R8 =00000000000000af R9 =000000001f54d918 R10=0000000000000020 R11=000000001eb240d0
R12=a000000000000002 R13=000000001eb25ef8 R14=0000000000000004 R15=000000001eb25f18
RIP=000000001f55e267 RFL=00000206 [-----P-] CPL=0 II=0 A20=1 SMM=0 HLT=0
ES =0030 0000000000000000 ffffffff 00cf9300 DPL=0 DS   [-WA]
CS =0038 0000000000000000 ffffffff 00af9a00 DPL=0 CS64 [-R-]
SS =0030 0000000000000000 ffffffff 00cf9300 DPL=0 DS   [-WA]
DS =0030 0000000000000000 ffffffff 00cf9300 DPL=0 DS   [-WA]
FS =0030 0000000000000000 ffffffff 00cf9300 DPL=0 DS   [-WA]
GS =0030 0000000000000000 ffffffff 00cf9300 DPL=0 DS   [-WA]
LDT=0000 0000000000000000 0000ffff 00008200 DPL=0 LDT
TR =0000 0000000000000000 0000ffff 00008b00 DPL=0 TSS64-busy
GDT=     000000001f9eea98 00000047
IDT=     000000001f586018 00000fff
CR0=80010033 CR2=0000000000000000 CR3=000000001fc01000 CR4=00000668
DR0=0000000000000000 DR1=0000000000000000 DR2=0000000000000000 DR3=0000000000000000 
DR6=00000000ffff0ff0 DR7=0000000000000400
CCS=0000000000000004 CCD=00000000000004e4 CCO=EFLAGS
EFER=0000000000000d00
Servicing hardware INT=0x68
    63: v=68 e=0000 i=0 cpl=0 IP=0038:000000001f55e267 pc=000000001f55e267 SP=0030:000000001fead598 env->regs[R_EAX]=000000000039d931
RAX=000000000039d931 RBX=0000000000002710 RCX=0000000000000000 RDX=0000000000000349
RSI=0000000000000000 RDI=000000000039dc7a RBP=ffffffff00000001 RSP=000000001fead598
R8 =00000000000000af R9 =000000001f54d918 R10=0000000000000020 R11=000000001eb240d0
R12=a000000000000002 R13=000000001eb25ef8 R14=0000000000000004 R15=000000001eb25f18
RIP=000000001f55e267 RFL=00000202 [-------] CPL=0 II=0 A20=1 SMM=0 HLT=0
ES =0030 0000000000000000 ffffffff 00cf9300 DPL=0 DS   [-WA]
CS =0038 0000000000000000 ffffffff 00af9a00 DPL=0 CS64 [-R-]
SS =0030 0000000000000000 ffffffff 00cf9300 DPL=0 DS   [-WA]
DS =0030 0000000000000000 ffffffff 00cf9300 DPL=0 DS   [-WA]
FS =0030 0000000000000000 ffffffff 00cf9300 DPL=0 DS   [-WA]
GS =0030 0000000000000000 ffffffff 00cf9300 DPL=0 DS   [-WA]
LDT=0000 0000000000000000 0000ffff 00008200 DPL=0 LDT
TR =0000 0000000000000000 0000ffff 00008b00 DPL=0 TSS64-busy
GDT=     000000001f9eea98 00000047
IDT=     000000001f586018 00000fff
CR0=80010033 CR2=0000000000000000 CR3=000000001fc01000 CR4=00000668
DR0=0000000000000000 DR1=0000000000000000 DR2=0000000000000000 DR3=0000000000000000 
DR6=00000000ffff0ff0 DR7=0000000000000400
CCS=0000000000000000 CCD=0000000000000349 CCO=EFLAGS
EFER=0000000000000d00
ahci: IRQ#0 level:1
ahci: IRQ#0 level:1
ahci: IRQ#0 level:1
ahci: IRQ#0 level:1
ahci: IRQ#0 level:1
ahci: IRQ#0 level:1
ahci: IRQ#0 level:1
ahci: IRQ#0 level:1
ahci: IRQ#0 level:1
ahci: IRQ#0 level:1
ahci: IRQ#0 level:1
ahci: IRQ#0 level:1
ahci: IRQ#0 level:1
Servicing hardware INT=0x68
    64: v=68 e=0000 i=0 cpl=0 IP=0038:000000001febcb49 pc=000000001febcb49 SP=0030:000000001fead280 env->regs[R_EAX]=000000001bf2d000
RAX=000000001bf2d000 RBX=000000001bf2e000 RCX=000000001bf2dfff RDX=000000001aa2e000
RSI=000000001fec36c0 RDI=000000001f8eefff RBP=fffffffffeb00001 RSP=000000001fead280
R8 =0000000001500000 R9 =000000001fec2530 R10=000000001fec50f8 R11=000000001e408da0
R12=000000001fbff4c8 R13=0000000000001000 R14=000000000080ffff R15=000000001f8eefff
RIP=000000001febcb49 RFL=00000287 [--S--PC] CPL=0 II=0 A20=1 SMM=0 HLT=0
ES =0030 0000000000000000 ffffffff 00cf9300 DPL=0 DS   [-WA]
CS =0038 0000000000000000 ffffffff 00af9a00 DPL=0 CS64 [-R-]
SS =0030 0000000000000000 ffffffff 00cf9300 DPL=0 DS   [-WA]
DS =0030 0000000000000000 ffffffff 00cf9300 DPL=0 DS   [-WA]
FS =0030 0000000000000000 ffffffff 00cf9300 DPL=0 DS   [-WA]
GS =0030 0000000000000000 ffffffff 00cf9300 DPL=0 DS   [-WA]
LDT=0000 0000000000000000 0000ffff 00008200 DPL=0 LDT
TR =0000 0000000000000000 0000ffff 00008b00 DPL=0 TSS64-busy
GDT=     000000001f9eea98 00000047
IDT=     000000001f586018 00000fff
CR0=80010033 CR2=0000000000000000 CR3=000000001fc01000 CR4=00000668
DR0=0000000000000000 DR1=0000000000000000 DR2=0000000000000000 DR3=0000000000000000 
DR6=00000000ffff0ff0 DR7=0000000000000400
CCS=0000000000000085 CCD=ffffffffe40d3000 CCO=EFLAGS
EFER=0000000000000d00
ahci: IRQ#0 level:1
ahci: IRQ#0 level:1
ahci: IRQ#0 level:1
ahci: IRQ#0 level:1
ahci: IRQ#0 level:1
ahci: IRQ#0 level:1
ahci: IRQ#0 level:1
ahci: IRQ#0 level:1
ahci: IRQ#0 level:1
ahci: IRQ#0 level:1
ahci: IRQ#0 level:1
ahci: IRQ#0 level:1
ahci: IRQ#0 level:1
ahci: IRQ#0 level:1
ahci: IRQ#0 level:1
ahci: IRQ#0 level:1
Servicing hardware INT=0x68
    65: v=68 e=0000 i=0 cpl=0 IP=0038:000000001ece8fa6 pc=000000001ece8fa6 SP=0030:000000001feacc08 env->regs[R_EAX]=00000000003aef64
RAX=00000000003aef64 RBX=000000000004baf1 RCX=00000000003af07d RDX=0000000000000119
RSI=0000000000000000 RDI=000000001ec7d428 RBP=000000001ec7d428 RSP=000000001feacc08
R8 =0000000000000064 R9 =00000000000f4240 R10=0000000000000000 R11=0000000000000002
R12=0000000000000000 R13=0000000000000000 R14=000000001eac8300 R15=8000000000000006
RIP=000000001ece8fa6 RFL=00000202 [-------] CPL=0 II=0 A20=1 SMM=0 HLT=0
ES =0030 0000000000000000 ffffffff 00cf9300 DPL=0 DS   [-WA]
CS =0038 0000000000000000 ffffffff 00af9a00 DPL=0 CS64 [-R-]
SS =0030 0000000000000000 ffffffff 00cf9300 DPL=0 DS   [-WA]
DS =0030 0000000000000000 ffffffff 00cf9300 DPL=0 DS   [-WA]
FS =0030 0000000000000000 ffffffff 00cf9300 DPL=0 DS   [-WA]
GS =0030 0000000000000000 ffffffff 00cf9300 DPL=0 DS   [-WA]
LDT=0000 0000000000000000 0000ffff 00008200 DPL=0 LDT
TR =0000 0000000000000000 0000ffff 00008b00 DPL=0 TSS64-busy
GDT=     000000001f9eea98 00000047
IDT=     000000001f586018 00000fff
CR0=80010033 CR2=0000000000000000 CR3=000000001fc01000 CR4=00000668
DR0=0000000000000000 DR1=0000000000000000 DR2=0000000000000000 DR3=0000000000000000 
DR6=00000000ffff0ff0 DR7=0000000000000400
CCS=0000000000000000 CCD=0000000000000119 CCO=EFLAGS
EFER=0000000000000d00
ahci: IRQ#0 level:1
ahci: IRQ#0 level:1
ahci: IRQ#0 level:1
ahci: IRQ#0 level:1
ahci: IRQ#0 level:1
ahci: IRQ#0 level:1
ahci: IRQ#0 level:1
ahci: IRQ#0 level:1
ahci: IRQ#0 level:1
ahci: IRQ#0 level:1
ahci: IRQ#0 level:1
ahci: IRQ#0 level:1
ahci: IRQ#0 level:1
ahci: IRQ#0 level:1
ahci: IRQ#0 level:1
ahci: IRQ#0 level:1
ahci: IRQ#0 level:1
ahci: IRQ#0 level:1
ahci: IRQ#0 level:1
ahci: IRQ#0 level:1
ahci: IRQ#0 level:1
ahci: IRQ#0 level:1
ahci: IRQ#0 level:1
Servicing hardware INT=0x68
    66: v=68 e=0000 i=0 cpl=0 IP=0038:000000001ec75563 pc=000000001ec75563 SP=0030:000000001fead680 env->regs[R_EAX]=0000000000000000
RAX=0000000000000000 RBX=000000001e504b98 RCX=000000001f581ce0 RDX=000000001fec5098
RSI=000000001ecd4b98 RDI=000000001e504b98 RBP=0000000000000001 RSP=000000001fead680
R8 =00000000000000af R9 =000000001fec2530 R10=000000001fec50a8 R11=000000000000000c
R12=0000000000000000 R13=000000001e4ff898 R14=0000000000000028 R15=000000001ec7c5c0
RIP=000000001ec75563 RFL=00000206 [-----P-] CPL=0 II=0 A20=1 SMM=0 HLT=0
ES =0030 0000000000000000 ffffffff 00cf9300 DPL=0 DS   [-WA]
CS =0038 0000000000000000 ffffffff 00af9a00 DPL=0 CS64 [-R-]
SS =0030 0000000000000000 ffffffff 00cf9300 DPL=0 DS   [-WA]
DS =0030 0000000000000000 ffffffff 00cf9300 DPL=0 DS   [-WA]
FS =0030 0000000000000000 ffffffff 00cf9300 DPL=0 DS   [-WA]
GS =0030 0000000000000000 ffffffff 00cf9300 DPL=0 DS   [-WA]
LDT=0000 0000000000000000 0000ffff 00008200 DPL=0 LDT
TR =0000 0000000000000000 0000ffff 00008b00 DPL=0 TSS64-busy
GDT=     000000001f9eea98 00000047
IDT=     000000001f586018 00000fff
CR0=80010033 CR2=0000000000000000 CR3=000000001fc01000 CR4=00000668
DR0=0000000000000000 DR1=0000000000000000 DR2=0000000000000000 DR3=0000000000000000 
DR6=00000000ffff0ff0 DR7=0000000000000400
CCS=0000000000000004 CCD=000000001fead648 CCO=EFLAGS
EFER=0000000000000d00
ahci: IRQ#0 level:1
ahci: IRQ#0 level:1
ahci: IRQ#0 level:1
ahci: IRQ#0 level:1
ahci: IRQ#0 level:1
ahci: IRQ#0 level:1
ahci: IRQ#0 level:1
ahci: IRQ#0 level:1
ahci: IRQ#0 level:1
ahci: IRQ#0 level:1
ahci: IRQ#0 level:1
ahci: IRQ#0 level:1
ahci: IRQ#0 level:1
Servicing hardware INT=0x68
    67: v=68 e=0000 i=0 cpl=0 IP=0038:000000001feae56b pc=000000001feae56b SP=0030:000000001fead268 env->regs[R_EAX]=000000001e3c9a20
RAX=000000001e3c9a20 RBX=0000000000000001 RCX=000000001e3c9998 RDX=000000001fec3a50
RSI=000000001fec3960 RDI=000000001ecd1598 RBP=000000001f8eef98 RSP=000000001fead268
R8 =000000001fead388 R9 =000000001f8eef98 R10=000000001fead468 R11=000000000000000a
R12=000000001ecd1598 R13=000000001fead388 R14=0000000000000000 R15=000000001fec3960
RIP=000000001feae56b RFL=00000206 [-----P-] CPL=0 II=0 A20=1 SMM=0 HLT=0
ES =0030 0000000000000000 ffffffff 00cf9300 DPL=0 DS   [-WA]
CS =0038 0000000000000000 ffffffff 00af9a00 DPL=0 CS64 [-R-]
SS =0030 0000000000000000 ffffffff 00cf9300 DPL=0 DS   [-WA]
DS =0030 0000000000000000 ffffffff 00cf9300 DPL=0 DS   [-WA]
FS =0030 0000000000000000 ffffffff 00cf9300 DPL=0 DS   [-WA]
GS =0030 0000000000000000 ffffffff 00cf9300 DPL=0 DS   [-WA]
LDT=0000 0000000000000000 0000ffff 00008200 DPL=0 LDT
TR =0000 0000000000000000 0000ffff 00008b00 DPL=0 TSS64-busy
GDT=     000000001f9eea98 00000047
IDT=     000000001f586018 00000fff
CR0=80010033 CR2=0000000000000000 CR3=000000001fc01000 CR4=00000668
DR0=0000000000000000 DR1=0000000000000000 DR2=0000000000000000 DR3=0000000000000000 
DR6=00000000ffff0ff0 DR7=0000000000000400
CCS=0000000000000004 CCD=0000000000907c00 CCO=EFLAGS
EFER=0000000000000d00
Servicing hardware INT=0x68
    68: v=68 e=0000 i=0 cpl=0 IP=0038:000000001feae56b pc=000000001feae56b SP=0030:000000001fead4c8 env->regs[R_EAX]=000000001ec65c20
RAX=000000001ec65c20 RBX=0000000000000001 RCX=000000001ec65818 RDX=000000001fec3a50
RSI=000000001fec3940 RDI=000000001ed99218 RBP=000000001f8eef98 RSP=000000001fead4c8
R8 =000000001fead640 R9 =000000001f8eef98 R10=000000001fec3ba0 R11=000000000000000a
R12=000000001ed99218 R13=000000001fead640 R14=0000000000000000 R15=000000001fec3940
RIP=000000001feae56b RFL=00000206 [-----P-] CPL=0 II=0 A20=1 SMM=0 HLT=0
ES =0030 0000000000000000 ffffffff 00cf9300 DPL=0 DS   [-WA]
CS =0038 0000000000000000 ffffffff 00af9a00 DPL=0 CS64 [-R-]
SS =0030 0000000000000000 ffffffff 00cf9300 DPL=0 DS   [-WA]
DS =0030 0000000000000000 ffffffff 00cf9300 DPL=0 DS   [-WA]
FS =0030 0000000000000000 ffffffff 00cf9300 DPL=0 DS   [-WA]
GS =0030 0000000000000000 ffffffff 00cf9300 DPL=0 DS   [-WA]
LDT=0000 0000000000000000 0000ffff 00008200 DPL=0 LDT
TR =0000 0000000000000000 0000ffff 00008b00 DPL=0 TSS64-busy
GDT=     000000001f9eea98 00000047
IDT=     000000001f586018 00000fff
CR0=80010033 CR2=0000000000000000 CR3=000000001fc01000 CR4=00000668
DR0=0000000000000000 DR1=0000000000000000 DR2=0000000000000000 DR3=0000000000000000 
DR6=00000000ffff0ff0 DR7=0000000000000400
CCS=0000000000000004 CCD=0000000000133a00 CCO=EFLAGS
EFER=0000000000000d00
ahci: IRQ#2 level:1
ahci: IRQ#2 level:1
ahci: IRQ#2 level:1
ahci: IRQ#2 level:1
ahci: IRQ#2 level:1
ahci: IRQ#2 level:1
ahci: IRQ#2 level:1
ahci: IRQ#2 level:1
ahci: IRQ#2 level:1
ahci: IRQ#2 level:1
ahci: IRQ#2 level:1
ahci: IRQ#2 level:1
ahci: IRQ#2 level:1
ahci: IRQ#2 level:1
ahci: IRQ#2 level:1
ahci: IRQ#2 level:1
ahci: IRQ#2 level:1
ahci: IRQ#2 level:1
ahci: IRQ#2 level:1
ahci: IRQ#2 level:1
ahci: IRQ#2 level:1
ahci: IRQ#2 level:1
ahci: IRQ#2 level:1
ahci: IRQ#2 level:1
ahci: IRQ#2 level:1
ahci: IRQ#2 level:1
ahci: IRQ#2 level:1
ahci: IRQ#2 level:1
ahci: IRQ#2 level:1
ahci: IRQ#2 level:1
ahci: IRQ#2 level:1
ahci: IRQ#2 level:1
ahci: IRQ#2 level:1
ahci: IRQ#2 level:1
ahci: IRQ#2 level:1
ahci: IRQ#2 level:1
ahci: IRQ#2 level:1
ahci: IRQ#2 level:1
ahci: IRQ#2 level:1
ahci: IRQ#2 level:1
ahci: IRQ#2 level:1
ahci: IRQ#2 level:1
ahci: IRQ#2 level:1
ahci: IRQ#2 level:1
ahci: IRQ#2 level:1
ahci: IRQ#2 level:1
Servicing hardware INT=0x68
    69: v=68 e=0000 i=0 cpl=0 IP=0038:000000001feb3b22 pc=000000001feb3b22 SP=0030:000000001fead880 env->regs[R_EAX]=0000000000000015
RAX=0000000000000015 RBX=000000001f028e18 RCX=0000000000000001 RDX=0000000000000002
RSI=0000000000000037 RDI=000000001ec42e18 RBP=0000000000000001 RSP=000000001fead880
R8 =0000000000000038 R9 =000000001edcac20 R10=0000000000000010 R11=000000000000000a
R12=0000000000000000 R13=000000001e3c1798 R14=0000000000000038 R15=0000000000000001
RIP=000000001feb3b22 RFL=00000287 [--S--PC] CPL=0 II=0 A20=1 SMM=0 HLT=0
ES =0030 0000000000000000 ffffffff 00cf9300 DPL=0 DS   [-WA]
CS =0038 0000000000000000 ffffffff 00af9a00 DPL=0 CS64 [-R-]
SS =0030 0000000000000000 ffffffff 00cf9300 DPL=0 DS   [-WA]
DS =0030 0000000000000000 ffffffff 00cf9300 DPL=0 DS   [-WA]
FS =0030 0000000000000000 ffffffff 00cf9300 DPL=0 DS   [-WA]
GS =0030 0000000000000000 ffffffff 00cf9300 DPL=0 DS   [-WA]
LDT=0000 0000000000000000 0000ffff 00008200 DPL=0 LDT
TR =0000 0000000000000000 0000ffff 00008b00 DPL=0 TSS64-busy
GDT=     000000001f9eea98 00000047
IDT=     000000001f586018 00000fff
CR0=80010033 CR2=0000000000000000 CR3=000000001fc01000 CR4=00000668
DR0=0000000000000000 DR1=0000000000000000 DR2=0000000000000000 DR3=0000000000000000 
DR6=00000000ffff0ff0 DR7=0000000000000400
CCS=0000000000000085 CCD=fffffffffffffffa CCO=EFLAGS
EFER=0000000000000d00
Servicing hardware INT=0x68
    70: v=68 e=0000 i=0 cpl=0 IP=0038:000000001feae56b pc=000000001feae56b SP=0030:000000001fead798 env->regs[R_EAX]=000000001ecd28a0
RAX=000000001ecd28a0 RBX=0000000000000001 RCX=000000001ecd1e98 RDX=000000001fec3a50
RSI=000000001fec3940 RDI=000000001ece6a18 RBP=000000001f8eef98 RSP=000000001fead798
R8 =000000001fead910 R9 =000000001f8eef98 R10=000000001fec3ba0 R11=000000000000000a
R12=000000001ece6a18 R13=000000001fead910 R14=0000000000000000 R15=000000001fec3940
RIP=000000001feae56b RFL=00000202 [-------] CPL=0 II=0 A20=1 SMM=0 HLT=0
ES =0030 0000000000000000 ffffffff 00cf9300 DPL=0 DS   [-WA]
CS =0038 0000000000000000 ffffffff 00af9a00 DPL=0 CS64 [-R-]
SS =0030 0000000000000000 ffffffff 00cf9300 DPL=0 DS   [-WA]
DS =0030 0000000000000000 ffffffff 00cf9300 DPL=0 DS   [-WA]
FS =0030 0000000000000000 ffffffff 00cf9300 DPL=0 DS   [-WA]
GS =0030 0000000000000000 ffffffff 00cf9300 DPL=0 DS   [-WA]
LDT=0000 0000000000000000 0000ffff 00008200 DPL=0 LDT
TR =0000 0000000000000000 0000ffff 00008b00 DPL=0 TSS64-busy
GDT=     000000001f9eea98 00000047
IDT=     000000001f586018 00000fff
CR0=80010033 CR2=0000000000000000 CR3=000000001fc01000 CR4=00000668
DR0=0000000000000000 DR1=0000000000000000 DR2=0000000000000000 DR3=0000000000000000 
DR6=00000000ffff0ff0 DR7=0000000000000400
CCS=0000000000000000 CCD=0000000000014b80 CCO=EFLAGS
EFER=0000000000000d00
Servicing hardware INT=0x68
    71: v=68 e=0000 i=0 cpl=0 IP=0038:000000001feaec56 pc=000000001feaec56 SP=0030:000000001fead7a0 env->regs[R_EAX]=000000000a681800
RAX=000000000a681800 RBX=000000001ecfb720 RCX=14ce2530ab75daba RDX=000000001fec3900
RSI=000000001fec3940 RDI=000000001ece6718 RBP=000000001ece6730 RSP=000000001fead7a0
R8 =0000000000000000 R9 =000000001f8eef98 R10=000000001fec3ba0 R11=000000000000000a
R12=000000001fec3940 R13=000000001fead910 R14=0000000000000000 R15=000000001fec3940
RIP=000000001feaec56 RFL=00000246 [---Z-P-] CPL=0 II=0 A20=1 SMM=0 HLT=0
ES =0030 0000000000000000 ffffffff 00cf9300 DPL=0 DS   [-WA]
CS =0038 0000000000000000 ffffffff 00af9a00 DPL=0 CS64 [-R-]
SS =0030 0000000000000000 ffffffff 00cf9300 DPL=0 DS   [-WA]
DS =0030 0000000000000000 ffffffff 00cf9300 DPL=0 DS   [-WA]
FS =0030 0000000000000000 ffffffff 00cf9300 DPL=0 DS   [-WA]
GS =0030 0000000000000000 ffffffff 00cf9300 DPL=0 DS   [-WA]
LDT=0000 0000000000000000 0000ffff 00008200 DPL=0 LDT
TR =0000 0000000000000000 0000ffff 00008b00 DPL=0 TSS64-busy
GDT=     000000001f9eea98 00000047
IDT=     000000001f586018 00000fff
CR0=80010033 CR2=0000000000000000 CR3=000000001fc01000 CR4=00000668
DR0=0000000000000000 DR1=0000000000000000 DR2=0000000000000000 DR3=0000000000000000 
DR6=00000000ffff0ff0 DR7=0000000000000400
CCS=0000000000000044 CCD=000000000a681800 CCO=EFLAGS
EFER=0000000000000d00
Servicing hardware INT=0x68
    72: v=68 e=0000 i=0 cpl=0 IP=0038:000000001febcee7 pc=000000001febcee7 SP=0030:000000001fead598 env->regs[R_EAX]=000000001edcd598
RAX=000000001edcd598 RBX=000000001edccca0 RCX=000000001edcd5b0 RDX=000000001fec3940
RSI=000000001fec3940 RDI=000000001edcb418 RBP=000000001edcb430 RSP=000000001fead598
R8 =0000000000000000 R9 =000000001f8eef98 R10=0000000000000000 R11=000000000000000a
R12=000000001fec3940 R13=000000001fead730 R14=0000000000000000 R15=000000001fec3940
RIP=000000001febcee7 RFL=00000206 [-----P-] CPL=0 II=0 A20=1 SMM=0 HLT=0
ES =0030 0000000000000000 ffffffff 00cf9300 DPL=0 DS   [-WA]
CS =0038 0000000000000000 ffffffff 00af9a00 DPL=0 CS64 [-R-]
SS =0030 0000000000000000 ffffffff 00cf9300 DPL=0 DS   [-WA]
DS =0030 0000000000000000 ffffffff 00cf9300 DPL=0 DS   [-WA]
FS =0030 0000000000000000 ffffffff 00cf9300 DPL=0 DS   [-WA]
GS =0030 0000000000000000 ffffffff 00cf9300 DPL=0 DS   [-WA]
LDT=0000 0000000000000000 0000ffff 00008200 DPL=0 LDT
TR =0000 0000000000000000 0000ffff 00008b00 DPL=0 TSS64-busy
GDT=     000000001f9eea98 00000047
IDT=     000000001f586018 00000fff
CR0=80010033 CR2=0000000000000000 CR3=000000001fc01000 CR4=00000668
DR0=0000000000000000 DR1=0000000000000000 DR2=0000000000000000 DR3=0000000000000000 
DR6=00000000ffff0ff0 DR7=0000000000000400
CCS=0000000000000004 CCD=000000001fead5a0 CCO=EFLAGS
EFER=0000000000000d00
ahci: IRQ#2 level:1
ahci: IRQ#2 level:1
ahci: IRQ#2 level:1
ahci: IRQ#2 level:1
ahci: IRQ#2 level:1
ahci: IRQ#2 level:1
ahci: IRQ#2 level:1
ahci: IRQ#2 level:1
ahci: IRQ#2 level:1
ahci: IRQ#2 level:1
ahci: IRQ#2 level:1
ahci: IRQ#2 level:1
ahci: IRQ#2 level:1
ahci: IRQ#2 level:1
ahci: IRQ#2 level:1
ahci: IRQ#2 level:1
ahci: IRQ#2 level:1
ahci: IRQ#2 level:1
ahci: IRQ#2 level:1
ahci: IRQ#2 level:1
ahci: IRQ#2 level:1
ahci: IRQ#2 level:1
ahci: IRQ#2 level:1
ahci: IRQ#2 level:1
ahci: IRQ#2 level:1
Servicing hardware INT=0x68
    73: v=68 e=0000 i=0 cpl=0 IP=0038:000000001ecedeb6 pc=000000001ecedeb6 SP=0030:000000001fead078 env->regs[R_EAX]=0000000000000000
RAX=0000000000000000 RBX=0000000000000000 RCX=0000000000000000 RDX=0000000000000000
RSI=0000000000000000 RDI=000000001eac4070 RBP=0000000000000000 RSP=000000001fead078
R8 =0000000000000002 R9 =0000000000000000 R10=0000000000000000 R11=0000000000000002
R12=000000001fead180 R13=000000001ec7d428 R14=000000001eac8380 R15=0000000000000002
RIP=000000001ecedeb6 RFL=00000246 [---Z-P-] CPL=0 II=0 A20=1 SMM=0 HLT=0
ES =0030 0000000000000000 ffffffff 00cf9300 DPL=0 DS   [-WA]
CS =0038 0000000000000000 ffffffff 00af9a00 DPL=0 CS64 [-R-]
SS =0030 0000000000000000 ffffffff 00cf9300 DPL=0 DS   [-WA]
DS =0030 0000000000000000 ffffffff 00cf9300 DPL=0 DS   [-WA]
FS =0030 0000000000000000 ffffffff 00cf9300 DPL=0 DS   [-WA]
GS =0030 0000000000000000 ffffffff 00cf9300 DPL=0 DS   [-WA]
LDT=0000 0000000000000000 0000ffff 00008200 DPL=0 LDT
TR =0000 0000000000000000 0000ffff 00008b00 DPL=0 TSS64-busy
GDT=     000000001f9eea98 00000047
IDT=     000000001f586018 00000fff
CR0=80010033 CR2=0000000000000000 CR3=000000001fc01000 CR4=00000668
DR0=0000000000000000 DR1=0000000000000000 DR2=0000000000000000 DR3=0000000000000000 
DR6=00000000ffff0ff0 DR7=0000000000000400
CCS=0000000000000044 CCD=0000000000000000 CCO=EFLAGS
EFER=0000000000000d00
ahci: IRQ#2 level:1
ahci: IRQ#2 level:1
ahci: IRQ#2 level:1
ahci: IRQ#2 level:1
ahci: IRQ#2 level:1
ahci: IRQ#2 level:1
ahci: IRQ#2 level:1
ahci: IRQ#2 level:1
ahci: IRQ#2 level:1
ahci: IRQ#2 level:1
ahci: IRQ#2 level:1
ahci: IRQ#2 level:1
ahci: IRQ#2 level:1
ahci: IRQ#2 level:1
ahci: IRQ#2 level:1
ahci: IRQ#2 level:1
ahci: IRQ#2 level:1
ahci: IRQ#2 level:1
ahci: IRQ#2 level:1
ahci: IRQ#2 level:1
ahci: IRQ#2 level:1
ahci: IRQ#2 level:1
Servicing hardware INT=0x68
    74: v=68 e=0000 i=0 cpl=0 IP=0038:000000001ecedeb3 pc=000000001ecedeb3 SP=0030:000000001fead038 env->regs[R_EAX]=0000000000000000
RAX=0000000000000000 RBX=0000000000000000 RCX=0000000000010001 RDX=0000000000000000
RSI=0000000000000000 RDI=000000001ea44068 RBP=0000000000000000 RSP=000000001fead038
R8 =0000000000000002 R9 =0000000000000000 R10=0000000000000000 R11=0000000000000002
R12=000000001fead140 R13=000000001ec7d428 R14=000000001eac8380 R15=0000000000000002
RIP=000000001ecedeb3 RFL=00010246 [---Z-P-] CPL=0 II=0 A20=1 SMM=0 HLT=0
ES =0030 0000000000000000 ffffffff 00cf9300 DPL=0 DS   [-WA]
CS =0038 0000000000000000 ffffffff 00af9a00 DPL=0 CS64 [-R-]
SS =0030 0000000000000000 ffffffff 00cf9300 DPL=0 DS   [-WA]
DS =0030 0000000000000000 ffffffff 00cf9300 DPL=0 DS   [-WA]
FS =0030 0000000000000000 ffffffff 00cf9300 DPL=0 DS   [-WA]
GS =0030 0000000000000000 ffffffff 00cf9300 DPL=0 DS   [-WA]
LDT=0000 0000000000000000 0000ffff 00008200 DPL=0 LDT
TR =0000 0000000000000000 0000ffff 00008b00 DPL=0 TSS64-busy
GDT=     000000001f9eea98 00000047
IDT=     000000001f586018 00000fff
CR0=80010033 CR2=0000000000000000 CR3=000000001fc01000 CR4=00000668
DR0=0000000000000000 DR1=0000000000000000 DR2=0000000000000000 DR3=0000000000000000 
DR6=00000000ffff0ff0 DR7=0000000000000400
CCS=0000000000000044 CCD=0000000000000000 CCO=EFLAGS
EFER=0000000000000d00
ahci: IRQ#2 level:1
ahci: IRQ#2 level:1
ahci: IRQ#2 level:1
ahci: IRQ#2 level:1
ahci: IRQ#2 level:1
ahci: IRQ#2 level:1
ahci: IRQ#2 level:1
ahci: IRQ#2 level:1
ahci: IRQ#2 level:1
ahci: IRQ#2 level:1
ahci: IRQ#2 level:1
ahci: IRQ#2 level:1
ahci: IRQ#2 level:1
ahci: IRQ#2 level:1
ahci: IRQ#2 level:1
ahci: IRQ#2 level:1
ahci: IRQ#2 level:1
ahci: IRQ#2 level:1
ahci: IRQ#2 level:1
ahci: IRQ#2 level:1
ahci: IRQ#2 level:1
ahci: IRQ#2 level:1
ahci: IRQ#2 level:1
ahci: IRQ#2 level:1
ahci: IRQ#2 level:1
ahci: IRQ#2 level:1
ahci: IRQ#2 level:1
ahci: IRQ#2 level:1
ahci: IRQ#2 level:1
ahci: IRQ#2 level:1
ahci: IRQ#2 level:1
ahci: IRQ#2 level:1
ahci: IRQ#2 level:1
ahci: IRQ#2 level:1
ahci: IRQ#2 level:1
ahci: IRQ#2 level:1
ahci: IRQ#2 level:1
ahci: IRQ#2 level:1
ahci: IRQ#2 level:1
ahci: IRQ#2 level:1
ahci: IRQ#2 level:1
ahci: IRQ#2 level:1
ahci: IRQ#2 level:1
ahci: IRQ#2 level:1
ahci: IRQ#2 level:1
Servicing hardware INT=0x68
    75: v=68 e=0000 i=0 cpl=0 IP=0038:000000001ecedeb6 pc=000000001ecedeb6 SP=0030:000000001feacf28 env->regs[R_EAX]=0000000000000000
RAX=0000000000000000 RBX=0000000000000000 RCX=0000000000000000 RDX=0000000000000000
RSI=0000000000000001 RDI=000000001eac4070 RBP=0000000000000001 RSP=000000001feacf28
R8 =0000000000000000 R9 =0000000000000000 R10=0000000000004000 R11=000000001eac83e0
R12=000000001fead050 R13=000000001ec7d428 R14=000000001eac8380 R15=0000000000000000
RIP=000000001ecedeb6 RFL=00000246 [---Z-P-] CPL=0 II=0 A20=1 SMM=0 HLT=0
ES =0030 0000000000000000 ffffffff 00cf9300 DPL=0 DS   [-WA]
CS =0038 0000000000000000 ffffffff 00af9a00 DPL=0 CS64 [-R-]
SS =0030 0000000000000000 ffffffff 00cf9300 DPL=0 DS   [-WA]
DS =0030 0000000000000000 ffffffff 00cf9300 DPL=0 DS   [-WA]
FS =0030 0000000000000000 ffffffff 00cf9300 DPL=0 DS   [-WA]
GS =0030 0000000000000000 ffffffff 00cf9300 DPL=0 DS   [-WA]
LDT=0000 0000000000000000 0000ffff 00008200 DPL=0 LDT
TR =0000 0000000000000000 0000ffff 00008b00 DPL=0 TSS64-busy
GDT=     000000001f9eea98 00000047
IDT=     000000001f586018 00000fff
CR0=80010033 CR2=0000000000000000 CR3=000000001fc01000 CR4=00000668
DR0=0000000000000000 DR1=0000000000000000 DR2=0000000000000000 DR3=0000000000000000 
DR6=00000000ffff0ff0 DR7=0000000000000400
CCS=0000000000000044 CCD=0000000000000000 CCO=EFLAGS
EFER=0000000000000d00
ahci: IRQ#0 level:1
ahci: IRQ#0 level:1
ahci: IRQ#0 level:1
ahci: IRQ#0 level:1
ahci: IRQ#0 level:1
ahci: IRQ#0 level:1
ahci: IRQ#0 level:1
ahci: IRQ#0 level:1
ahci: IRQ#0 level:1
ahci: IRQ#0 level:1
ahci: IRQ#0 level:1
ahci: IRQ#0 level:1
ahci: IRQ#0 level:1
ahci: IRQ#0 level:1
ahci: IRQ#0 level:1
ahci: IRQ#0 level:1
ahci: IRQ#0 level:1
ahci: IRQ#0 level:1
ahci: IRQ#0 level:1
ahci: IRQ#0 level:1
ahci: IRQ#0 level:1
ahci: IRQ#0 level:1
ahci: IRQ#0 level:1
ahci: IRQ#0 level:1
ahci: IRQ#0 level:1
ahci: IRQ#0 level:1
ahci: IRQ#0 level:1
ahci: IRQ#0 level:1
ahci: IRQ#0 level:1
Servicing hardware INT=0x68
    76: v=68 e=0000 i=0 cpl=0 IP=0038:000000001ece8fa6 pc=000000001ece8fa6 SP=0030:000000001feacf08 env->regs[R_EAX]=000000000040f4d8
RAX=000000000040f4d8 RBX=000000000004baf1 RCX=000000000040f5fd RDX=0000000000000125
RSI=0000000000000000 RDI=000000001ec7d428 RBP=000000001ec7d428 RSP=000000001feacf08
R8 =0000000000000064 R9 =00000000000f4240 R10=0000000000000000 R11=0000000000000002
R12=0000000000000000 R13=0000000000000000 R14=000000001eac8300 R15=8000000000000006
RIP=000000001ece8fa6 RFL=00000202 [-------] CPL=0 II=0 A20=1 SMM=0 HLT=0
ES =0030 0000000000000000 ffffffff 00cf9300 DPL=0 DS   [-WA]
CS =0038 0000000000000000 ffffffff 00af9a00 DPL=0 CS64 [-R-]
SS =0030 0000000000000000 ffffffff 00cf9300 DPL=0 DS   [-WA]
DS =0030 0000000000000000 ffffffff 00cf9300 DPL=0 DS   [-WA]
FS =0030 0000000000000000 ffffffff 00cf9300 DPL=0 DS   [-WA]
GS =0030 0000000000000000 ffffffff 00cf9300 DPL=0 DS   [-WA]
LDT=0000 0000000000000000 0000ffff 00008200 DPL=0 LDT
TR =0000 0000000000000000 0000ffff 00008b00 DPL=0 TSS64-busy
GDT=     000000001f9eea98 00000047
IDT=     000000001f586018 00000fff
CR0=80010033 CR2=0000000000000000 CR3=000000001fc01000 CR4=00000668
DR0=0000000000000000 DR1=0000000000000000 DR2=0000000000000000 DR3=0000000000000000 
DR6=00000000ffff0ff0 DR7=0000000000000400
CCS=0000000000000000 CCD=0000000000000125 CCO=EFLAGS
EFER=0000000000000d00
ahci: IRQ#0 level:1
ahci: IRQ#0 level:1
ahci: IRQ#0 level:1
ahci: IRQ#0 level:1
ahci: IRQ#0 level:1
ahci: IRQ#0 level:1
ahci: IRQ#0 level:1
ahci: IRQ#0 level:1
ahci: IRQ#0 level:1
ahci: IRQ#0 level:1
ahci: IRQ#0 level:1
ahci: IRQ#0 level:1
ahci: IRQ#0 level:1
ahci: IRQ#0 level:1
ahci: IRQ#0 level:1
ahci: IRQ#0 level:1
ahci: IRQ#0 level:1
ahci: IRQ#0 level:1
ahci: IRQ#0 level:1
ahci: IRQ#0 level:1
ahci: IRQ#0 level:1
ahci: IRQ#0 level:1
ahci: IRQ#0 level:1
ahci: IRQ#0 level:1
ahci: IRQ#0 level:1
ahci: IRQ#0 level:1
ahci: IRQ#0 level:1
ahci: IRQ#0 level:1
ahci: IRQ#0 level:1
ahci: IRQ#0 level:1
Servicing hardware INT=0x68
    77: v=68 e=0000 i=0 cpl=0 IP=0038:000000001ece8fa6 pc=000000001ece8fa6 SP=0030:000000001feacfb8 env->regs[R_EAX]=0000000000417f30
RAX=0000000000417f30 RBX=000000000004baf1 RCX=0000000000418058 RDX=0000000000000128
RSI=0000000000000000 RDI=000000001ec7d428 RBP=000000001ec7d428 RSP=000000001feacfb8
R8 =0000000000000064 R9 =00000000000f4240 R10=0000000000000000 R11=0000000000000002
R12=0000000000000000 R13=0000000000000000 R14=000000001eac8300 R15=8000000000000006
RIP=000000001ece8fa6 RFL=00000206 [-----P-] CPL=0 II=0 A20=1 SMM=0 HLT=0
ES =0030 0000000000000000 ffffffff 00cf9300 DPL=0 DS   [-WA]
CS =0038 0000000000000000 ffffffff 00af9a00 DPL=0 CS64 [-R-]
SS =0030 0000000000000000 ffffffff 00cf9300 DPL=0 DS   [-WA]
DS =0030 0000000000000000 ffffffff 00cf9300 DPL=0 DS   [-WA]
FS =0030 0000000000000000 ffffffff 00cf9300 DPL=0 DS   [-WA]
GS =0030 0000000000000000 ffffffff 00cf9300 DPL=0 DS   [-WA]
LDT=0000 0000000000000000 0000ffff 00008200 DPL=0 LDT
TR =0000 0000000000000000 0000ffff 00008b00 DPL=0 TSS64-busy
GDT=     000000001f9eea98 00000047
IDT=     000000001f586018 00000fff
CR0=80010033 CR2=0000000000000000 CR3=000000001fc01000 CR4=00000668
DR0=0000000000000000 DR1=0000000000000000 DR2=0000000000000000 DR3=0000000000000000 
DR6=00000000ffff0ff0 DR7=0000000000000400
CCS=0000000000000004 CCD=0000000000000128 CCO=EFLAGS
EFER=0000000000000d00
ahci: IRQ#0 level:1
ahci: IRQ#0 level:1
ahci: IRQ#0 level:1
ahci: IRQ#0 level:1
ahci: IRQ#0 level:1
ahci: IRQ#0 level:1
ahci: IRQ#0 level:1
ahci: IRQ#0 level:1
ahci: IRQ#0 level:1
ahci: IRQ#0 level:1
ahci: IRQ#0 level:1
ahci: IRQ#0 level:1
ahci: IRQ#0 level:1
ahci: IRQ#0 level:1
ahci: IRQ#0 level:1
ahci: IRQ#0 level:1
ahci: IRQ#0 level:1
ahci: IRQ#0 level:1
ahci: IRQ#0 level:1
ahci: IRQ#0 level:1
ahci: IRQ#0 level:1
ahci: IRQ#0 level:1
ahci: IRQ#0 level:1
ahci: IRQ#0 level:1
ahci: IRQ#0 level:1
ahci: IRQ#0 level:1
ahci: IRQ#0 level:1
ahci: IRQ#0 level:1
Servicing hardware INT=0x68
    78: v=68 e=0000 i=0 cpl=0 IP=0038:000000001ece8fa6 pc=000000001ece8fa6 SP=0030:000000001fead038 env->regs[R_EAX]=0000000000420a51
RAX=0000000000420a51 RBX=000000000004baf1 RCX=0000000000420b6e RDX=000000000000011d
RSI=0000000000000000 RDI=000000001ec7d428 RBP=000000001ec7d428 RSP=000000001fead038
R8 =0000000000000064 R9 =00000000000f4240 R10=0000000000000000 R11=0000000000000002
R12=0000000000000000 R13=0000000000000000 R14=000000001eac8300 R15=8000000000000006
RIP=000000001ece8fa6 RFL=00000206 [-----P-] CPL=0 II=0 A20=1 SMM=0 HLT=0
ES =0030 0000000000000000 ffffffff 00cf9300 DPL=0 DS   [-WA]
CS =0038 0000000000000000 ffffffff 00af9a00 DPL=0 CS64 [-R-]
SS =0030 0000000000000000 ffffffff 00cf9300 DPL=0 DS   [-WA]
DS =0030 0000000000000000 ffffffff 00cf9300 DPL=0 DS   [-WA]
FS =0030 0000000000000000 ffffffff 00cf9300 DPL=0 DS   [-WA]
GS =0030 0000000000000000 ffffffff 00cf9300 DPL=0 DS   [-WA]
LDT=0000 0000000000000000 0000ffff 00008200 DPL=0 LDT
TR =0000 0000000000000000 0000ffff 00008b00 DPL=0 TSS64-busy
GDT=     000000001f9eea98 00000047
IDT=     000000001f586018 00000fff
CR0=80010033 CR2=0000000000000000 CR3=000000001fc01000 CR4=00000668
DR0=0000000000000000 DR1=0000000000000000 DR2=0000000000000000 DR3=0000000000000000 
DR6=00000000ffff0ff0 DR7=0000000000000400
CCS=0000000000000004 CCD=000000000000011d CCO=EFLAGS
EFER=0000000000000d00
ahci: IRQ#0 level:1
ahci: IRQ#0 level:1
ahci: IRQ#0 level:1
ahci: IRQ#0 level:1
ahci: IRQ#0 level:1
ahci: IRQ#0 level:1
ahci: IRQ#0 level:1
ahci: IRQ#0 level:1
ahci: IRQ#0 level:1
ahci: IRQ#0 level:1
ahci: IRQ#0 level:1
ahci: IRQ#0 level:1
ahci: IRQ#0 level:1
ahci: IRQ#0 level:1
ahci: IRQ#0 level:1
ahci: IRQ#0 level:1
ahci: IRQ#0 level:1
Servicing hardware INT=0x68
    79: v=68 e=0000 i=0 cpl=0 IP=0038:000000001fec1f3c pc=000000001fec1f3c SP=0030:000000001fead3c0 env->regs[R_EAX]=00000000000000af
RAX=00000000000000af RBX=0000000000002a88 RCX=0000000000000000 RDX=000000001e4fa018
RSI=000000001e4f6000 RDI=000000001e4fca78 RBP=000000001fec5080 RSP=000000001fead3c0
R8 =00000000000000af R9 =0000000000003000 R10=0000000000000001 R11=000000001f92f198
R12=000000001e4fa018 R13=0000000000000000 R14=0000000000000003 R15=000000001e4fa000
RIP=000000001fec1f3c RFL=00000206 [-----P-] CPL=0 II=0 A20=1 SMM=0 HLT=0
ES =0030 0000000000000000 ffffffff 00cf9300 DPL=0 DS   [-WA]
CS =0038 0000000000000000 ffffffff 00af9a00 DPL=0 CS64 [-R-]
SS =0030 0000000000000000 ffffffff 00cf9300 DPL=0 DS   [-WA]
DS =0030 0000000000000000 ffffffff 00cf9300 DPL=0 DS   [-WA]
FS =0030 0000000000000000 ffffffff 00cf9300 DPL=0 DS   [-WA]
GS =0030 0000000000000000 ffffffff 00cf9300 DPL=0 DS   [-WA]
LDT=0000 0000000000000000 0000ffff 00008200 DPL=0 LDT
TR =0000 0000000000000000 0000ffff 00008b00 DPL=0 TSS64-busy
GDT=     000000001f9eea98 00000047
IDT=     000000001f586018 00000fff
CR0=80010033 CR2=0000000000000000 CR3=000000001fc01000 CR4=00000668
DR0=0000000000000000 DR1=0000000000000000 DR2=0000000000000000 DR3=0000000000000000 
DR6=00000000ffff0ff0 DR7=0000000000000400
CCS=0000000000000004 CCD=0000000000002a60 CCO=EFLAGS
EFER=0000000000000d00
ahci: IRQ#0 level:1
ahci: IRQ#0 level:1
ahci: IRQ#0 level:1
ahci: IRQ#0 level:1
ahci: IRQ#0 level:1
ahci: IRQ#0 level:1
ahci: IRQ#0 level:1
ahci: IRQ#0 level:1
ahci: IRQ#0 level:1
ahci: IRQ#0 level:1
ahci: IRQ#0 level:1
ahci: IRQ#0 level:1
ahci: IRQ#0 level:1
ahci: IRQ#2 level:1
ahci: IRQ#2 level:1
ahci: IRQ#2 level:1
ahci: IRQ#2 level:1
ahci: IRQ#2 level:1
ahci: IRQ#2 level:1
ahci: IRQ#2 level:1
ahci: IRQ#2 level:1
ahci: IRQ#2 level:1
ahci: IRQ#2 level:1
ahci: IRQ#2 level:1
ahci: IRQ#2 level:1
ahci: IRQ#2 level:1
ahci: IRQ#2 level:1
ahci: IRQ#2 level:1
ahci: IRQ#2 level:1
ahci: IRQ#2 level:1
ahci: IRQ#2 level:1
ahci: IRQ#2 level:1
ahci: IRQ#2 level:1
ahci: IRQ#2 level:1
ahci: IRQ#2 level:1
ahci: IRQ#2 level:1
ahci: IRQ#2 level:1
ahci: IRQ#2 level:1
ahci: IRQ#2 level:1
ahci: IRQ#2 level:1
ahci: IRQ#2 level:1
ahci: IRQ#2 level:1
ahci: IRQ#2 level:1
ahci: IRQ#2 level:1
ahci: IRQ#2 level:1
ahci: IRQ#2 level:1
ahci: IRQ#2 level:1
ahci: IRQ#2 level:1
ahci: IRQ#2 level:1
ahci: IRQ#2 level:1
ahci: IRQ#2 level:1
ahci: IRQ#2 level:1
ahci: IRQ#2 level:1
ahci: IRQ#2 level:1
ahci: IRQ#2 level:1
ahci: IRQ#2 level:1
ahci: IRQ#2 level:1
ahci: IRQ#2 level:1
ahci: IRQ#2 level:1
ahci: IRQ#2 level:1
ahci: IRQ#2 level:1
ahci: IRQ#2 level:1
ahci: IRQ#2 level:1
ahci: IRQ#2 level:1
ahci: IRQ#2 level:1
ahci: IRQ#2 level:1
ahci: IRQ#2 level:1
ahci: IRQ#2 level:1
ahci: IRQ#2 level:1
ahci: IRQ#2 level:1
ahci: IRQ#2 level:1
ahci: IRQ#2 level:1
ahci: IRQ#2 level:1
Servicing hardware INT=0x68
    80: v=68 e=0000 i=0 cpl=0 IP=0038:000000001ecedeb3 pc=000000001ecedeb3 SP=0030:000000001feacd78 env->regs[R_EAX]=0000000000000000
RAX=0000000000000000 RBX=0000000000000000 RCX=0000000000010001 RDX=0000000000000000
RSI=0000000000000001 RDI=000000001ea44068 RBP=0000000000000001 RSP=000000001feacd78
R8 =0000000000000002 R9 =0000000000000000 R10=000000001eac8380 R11=0000000011e1a300
R12=000000001feacea0 R13=000000001ec7d428 R14=000000001eac8380 R15=0000000000000002
RIP=000000001ecedeb3 RFL=00010246 [---Z-P-] CPL=0 II=0 A20=1 SMM=0 HLT=0
ES =0030 0000000000000000 ffffffff 00cf9300 DPL=0 DS   [-WA]
CS =0038 0000000000000000 ffffffff 00af9a00 DPL=0 CS64 [-R-]
SS =0030 0000000000000000 ffffffff 00cf9300 DPL=0 DS   [-WA]
DS =0030 0000000000000000 ffffffff 00cf9300 DPL=0 DS   [-WA]
FS =0030 0000000000000000 ffffffff 00cf9300 DPL=0 DS   [-WA]
GS =0030 0000000000000000 ffffffff 00cf9300 DPL=0 DS   [-WA]
LDT=0000 0000000000000000 0000ffff 00008200 DPL=0 LDT
TR =0000 0000000000000000 0000ffff 00008b00 DPL=0 TSS64-busy
GDT=     000000001f9eea98 00000047
IDT=     000000001f586018 00000fff
CR0=80010033 CR2=0000000000000000 CR3=000000001fc01000 CR4=00000668
DR0=0000000000000000 DR1=0000000000000000 DR2=0000000000000000 DR3=0000000000000000 
DR6=00000000ffff0ff0 DR7=0000000000000400
CCS=0000000000000044 CCD=0000000000000000 CCO=EFLAGS
EFER=0000000000000d00
ahci: IRQ#2 level:1
ahci: IRQ#2 level:1
ahci: IRQ#2 level:1
ahci: IRQ#2 level:1
ahci: IRQ#2 level:1
ahci: IRQ#2 level:1
ahci: IRQ#2 level:1
ahci: IRQ#2 level:1
ahci: IRQ#2 level:1
ahci: IRQ#2 level:1
ahci: IRQ#2 level:1
ahci: IRQ#2 level:1
ahci: IRQ#2 level:1
ahci: IRQ#2 level:1
ahci: IRQ#2 level:1
ahci: IRQ#2 level:1
ahci: IRQ#2 level:1
ahci: IRQ#2 level:1
ahci: IRQ#2 level:1
ahci: IRQ#2 level:1
ahci: IRQ#2 level:1
ahci: IRQ#2 level:1
ahci: IRQ#2 level:1
ahci: IRQ#2 level:1
ahci: IRQ#2 level:1
ahci: IRQ#2 level:1
ahci: IRQ#2 level:1
ahci: IRQ#2 level:1
ahci: IRQ#2 level:1
ahci: IRQ#2 level:1
ahci: IRQ#2 level:1
ahci: IRQ#2 level:1
ahci: IRQ#0 level:1
ahci: IRQ#0 level:1
ahci: IRQ#0 level:1
ahci: IRQ#0 level:1
Servicing hardware INT=0x68
    81: v=68 e=0000 i=0 cpl=0 IP=0038:000000001ece8fa6 pc=000000001ece8fa6 SP=0030:000000001fead0d8 env->regs[R_EAX]=000000000043ad99
RAX=000000000043ad99 RBX=000000000004baf1 RCX=000000000043aea4 RDX=000000000000010b
RSI=0000000000000000 RDI=000000001ec7d428 RBP=000000001ec7d428 RSP=000000001fead0d8
R8 =0000000000000064 R9 =00000000000f4240 R10=0000000000000000 R11=0000000000000002
R12=0000000000000000 R13=0000000000000000 R14=000000001eac8300 R15=8000000000000006
RIP=000000001ece8fa6 RFL=00000202 [-------] CPL=0 II=0 A20=1 SMM=0 HLT=0
ES =0030 0000000000000000 ffffffff 00cf9300 DPL=0 DS   [-WA]
CS =0038 0000000000000000 ffffffff 00af9a00 DPL=0 CS64 [-R-]
SS =0030 0000000000000000 ffffffff 00cf9300 DPL=0 DS   [-WA]
DS =0030 0000000000000000 ffffffff 00cf9300 DPL=0 DS   [-WA]
FS =0030 0000000000000000 ffffffff 00cf9300 DPL=0 DS   [-WA]
GS =0030 0000000000000000 ffffffff 00cf9300 DPL=0 DS   [-WA]
LDT=0000 0000000000000000 0000ffff 00008200 DPL=0 LDT
TR =0000 0000000000000000 0000ffff 00008b00 DPL=0 TSS64-busy
GDT=     000000001f9eea98 00000047
IDT=     000000001f586018 00000fff
CR0=80010033 CR2=0000000000000000 CR3=000000001fc01000 CR4=00000668
DR0=0000000000000000 DR1=0000000000000000 DR2=0000000000000000 DR3=0000000000000000 
DR6=00000000ffff0ff0 DR7=0000000000000400
CCS=0000000000000000 CCD=000000000000010b CCO=EFLAGS
EFER=0000000000000d00
ahci: IRQ#0 level:1
ahci: IRQ#0 level:1
ahci: IRQ#0 level:1
ahci: IRQ#0 level:1
ahci: IRQ#0 level:1
ahci: IRQ#0 level:1
ahci: IRQ#0 level:1
ahci: IRQ#0 level:1
ahci: IRQ#0 level:1
Servicing hardware INT=0x68
    82: v=68 e=0000 i=0 cpl=0 IP=0038:000000001ece8fa6 pc=000000001ece8fa6 SP=0030:000000001e184010 env->regs[R_EAX]=000000000044396c
RAX=000000000044396c RBX=000000000004baf1 RCX=0000000000443a83 RDX=0000000000000117
RSI=0000000000000000 RDI=000000001ec7d428 RBP=000000001ec7d428 RSP=000000001e184010
R8 =0000000000000064 R9 =00000000000f4240 R10=0000000000000000 R11=0000000000000002
R12=0000000000000000 R13=0000000000000000 R14=000000001eac8300 R15=8000000000000006
RIP=000000001ece8fa6 RFL=00000206 [-----P-] CPL=0 II=0 A20=1 SMM=0 HLT=0
ES =0030 0000000000000000 ffffffff 00cf9300 DPL=0 DS   [-WA]
CS =0038 0000000000000000 ffffffff 00af9a00 DPL=0 CS64 [-R-]
SS =0030 0000000000000000 ffffffff 00cf9300 DPL=0 DS   [-WA]
DS =0030 0000000000000000 ffffffff 00cf9300 DPL=0 DS   [-WA]
FS =0030 0000000000000000 ffffffff 00cf9300 DPL=0 DS   [-WA]
GS =0030 0000000000000000 ffffffff 00cf9300 DPL=0 DS   [-WA]
LDT=0000 0000000000000000 0000ffff 00008200 DPL=0 LDT
TR =0000 0000000000000000 0000ffff 00008b00 DPL=0 TSS64-busy
GDT=     000000001f9eea98 00000047
IDT=     000000001f586018 00000fff
CR0=80010033 CR2=0000000000000000 CR3=000000001fc01000 CR4=00000668
DR0=0000000000000000 DR1=0000000000000000 DR2=0000000000000000 DR3=0000000000000000 
DR6=00000000ffff0ff0 DR7=0000000000000400
CCS=0000000000000004 CCD=0000000000000117 CCO=EFLAGS
EFER=0000000000000d00
ahci: IRQ#0 level:1
ahci: IRQ#0 level:1
ahci: IRQ#0 level:1
ahci: IRQ#0 level:1
ahci: IRQ#0 level:1
ahci: IRQ#0 level:1
ahci: IRQ#0 level:1
ahci: IRQ#0 level:1
ahci: IRQ#0 level:1
CPU Reset (CPU 1)
EAX=00000000 EBX=00000000 ECX=00000000 EDX=00060fb1
ESI=00000000 EDI=00000000 EBP=00000000 ESP=00000000
EIP=0000fff0 EFL=00000002 [-------] CPL=0 II=0 A20=1 SMM=0 HLT=1
ES =0000 00000000 0000ffff 00009300
CS =f000 ffff0000 0000ffff 00009b00
SS =0000 00000000 0000ffff 00009300
DS =0000 00000000 0000ffff 00009300
FS =0000 00000000 0000ffff 00009300
GS =0000 00000000 0000ffff 00009300
LDT=0000 00000000 0000ffff 00008200
TR =0000 00000000 0000ffff 00008b00
GDT=     00000000 0000ffff
IDT=     00000000 0000ffff
CR0=60000010 CR2=00000000 CR3=00000000 CR4=00000000
DR0=0000000000000000 DR1=0000000000000000 DR2=0000000000000000 DR3=0000000000000000 
DR6=00000000ffff0ff0 DR7=0000000000000400
CCS=00000000 CCD=00000000 CCO=EFLAGS
EFER=0000000000000000
FCW=037f FSW=0000 [ST=0] FTW=00 MXCSR=00001f80
FPR0=0000000000000000 0000 FPR1=0000000000000000 0000
FPR2=0000000000000000 0000 FPR3=0000000000000000 0000
FPR4=0000000000000000 0000 FPR5=0000000000000000 0000
FPR6=0000000000000000 0000 FPR7=0000000000000000 0000
XMM00=0000000000000000 0000000000000000 XMM01=0000000000000000 0000000000000000
XMM02=0000000000000000 0000000000000000 XMM03=0000000000000000 0000000000000000
XMM04=0000000000000000 0000000000000000 XMM05=0000000000000000 0000000000000000
XMM06=0000000000000000 0000000000000000 XMM07=0000000000000000 0000000000000000
CPU Reset (CPU 1)
EAX=00000000 EBX=00000000 ECX=00000000 EDX=00060fb1
ESI=00000000 EDI=00000000 EBP=00000000 ESP=00000000
EIP=0000fff0 EFL=00000002 [-------] CPL=0 II=0 A20=1 SMM=0 HLT=1
ES =0000 00000000 0000ffff 00009300
CS =f000 ffff0000 0000ffff 00009b00
SS =0000 00000000 0000ffff 00009300
DS =0000 00000000 0000ffff 00009300
FS =0000 00000000 0000ffff 00009300
GS =0000 00000000 0000ffff 00009300
LDT=0000 00000000 0000ffff 00008200
TR =0000 00000000 0000ffff 00008b00
GDT=     00000000 0000ffff
IDT=     00000000 0000ffff
CR0=60000010 CR2=00000000 CR3=00000000 CR4=00000000
DR0=0000000000000000 DR1=0000000000000000 DR2=0000000000000000 DR3=0000000000000000 
DR6=00000000ffff0ff0 DR7=0000000000000400
CCS=00000000 CCD=00000000 CCO=EFLAGS
EFER=0000000000000000
FCW=037f FSW=0000 [ST=0] FTW=00 MXCSR=00001f80
FPR0=0000000000000000 0000 FPR1=0000000000000000 0000
FPR2=0000000000000000 0000 FPR3=0000000000000000 0000
FPR4=0000000000000000 0000 FPR5=0000000000000000 0000
FPR6=0000000000000000 0000 FPR7=0000000000000000 0000
XMM00=0000000000000000 0000000000000000 XMM01=0000000000000000 0000000000000000
XMM02=0000000000000000 0000000000000000 XMM03=0000000000000000 0000000000000000
XMM04=0000000000000000 0000000000000000 XMM05=0000000000000000 0000000000000000
XMM06=0000000000000000 0000000000000000 XMM07=0000000000000000 0000000000000000
Servicing hardware INT=0x20
    83: v=20 e=0000 i=0 cpl=0 IP=0008:000000001e0483eb pc=000000001e0483eb SP=0010:ffff800000286e28 env->regs[R_EAX]=0000000000000000
RAX=0000000000000000 RBX=0000000000000001 RCX=0000000000000000 RDX=0000000000000000
RSI=0000000000000000 RDI=0000000000000000 RBP=0000000000000000 RSP=ffff800000286e28
R8 =0000000000000000 R9 =0000000000000000 R10=0000000000000000 R11=0000000000000000
R12=000000001e0a25f3 R13=0000000000000000 R14=ffff800000286e68 R15=ffff800000286ee8
RIP=000000001e0483eb RFL=00000297 [--S-APC] CPL=0 II=0 A20=1 SMM=0 HLT=0
ES =0010 0000000000000000 ffffffff 00af9300 DPL=0 DS   [-WA]
CS =0008 0000000000000000 ffffffff 00af9a00 DPL=0 CS64 [-R-]
SS =0010 0000000000000000 ffffffff 00af9300 DPL=0 DS   [-WA]
DS =0010 0000000000000000 ffffffff 00af9300 DPL=0 DS   [-WA]
FS =0020 0000000000000000 ffffffff 00af9300 DPL=0 DS   [-WA]
GS =0020 ffff80001e1852c0 ffffffff 00af9300 DPL=0 DS   [-WA]
LDT=0000 0000000000000000 0000ffff 00008200 DPL=0 LDT
TR =0028 ffff80001e1b50d8 00000067 00008900 DPL=0 TSS64-avl
GDT=     ffff80001e144fd0 0000003f
IDT=     000000001e191890 00000fff
CR0=80010033 CR2=0000000000000000 CR3=0000000000002000 CR4=00000620
DR0=0000000000000000 DR1=0000000000000000 DR2=0000000000000000 DR3=0000000000000000 
DR6=00000000ffff0ff0 DR7=0000000000000400
CCS=0000000000000095 CCD=ffffffffffffffff CCO=EFLAGS
EFER=0000000000000d01
Servicing hardware INT=0x2c
    84: v=2c e=0000 i=0 cpl=0 IP=0008:000000001e069487 pc=000000001e069487 SP=0010:000000001e183290 env->regs[R_EAX]=0000000000000000
RAX=0000000000000000 RBX=0000000000ff0001 RCX=00000000000003f8 RDX=00000000000003f8
RSI=0000000000000800 RDI=0000700000000000 RBP=000000001e183648 RSP=000000001e183290
R8 =0000000000000000 R9 =000000000000002d R10=0000000000002000 R11=000000000100000a
R12=000000001e09dca5 R13=000000001e09da75 R14=0000000000000008 R15=0000000000000020
RIP=000000001e069487 RFL=00000216 [----AP-] CPL=0 II=0 A20=1 SMM=0 HLT=0
ES =0010 0000000000000000 ffffffff 00af9300 DPL=0 DS   [-WA]
CS =0008 0000000000000000 ffffffff 00af9a00 DPL=0 CS64 [-R-]
SS =0010 0000000000000000 ffffffff 00af9300 DPL=0 DS   [-WA]
DS =0010 0000000000000000 ffffffff 00af9300 DPL=0 DS   [-WA]
FS =0030 0000000000000000 ffffffff 00cf9300 DPL=0 DS   [-WA]
GS =0030 ffff80001e1852a0 ffffffff 00cf9300 DPL=0 DS   [-WA]
LDT=0000 0000000000000000 0000ffff 00008200 DPL=0 LDT
TR =0028 ffff80001e1b5070 00000067 00008900 DPL=0 TSS64-avl
GDT=     ffff80001e144f90 0000003f
IDT=     000000001e191890 00000fff
CR0=80010033 CR2=0000000000000000 CR3=0000000000002000 CR4=00000668
DR0=0000000000000000 DR1=0000000000000000 DR2=0000000000000000 DR3=0000000000000000 
DR6=00000000ffff0ff0 DR7=0000000000000400
CCS=0000000000000168 CCD=000000001e183250 CCO=ADDQ
EFER=0000000000000d00
Servicing hardware INT=0x21
    85: v=21 e=0000 i=0 cpl=0 IP=0008:000000001e069487 pc=000000001e069487 SP=0010:000000001e183290 env->regs[R_EAX]=0000000000000000
RAX=0000000000000000 RBX=0000000000ff0001 RCX=00000000000003f8 RDX=00000000000003f8
RSI=0000000000000800 RDI=0000700000000000 RBP=000000001e183648 RSP=000000001e183290
R8 =0000000000000000 R9 =000000000000002d R10=0000000000002000 R11=000000000100000a
R12=000000001e09dca5 R13=000000001e09da75 R14=0000000000000008 R15=0000000000000020
RIP=000000001e069487 RFL=00010216 [----AP-] CPL=0 II=0 A20=1 SMM=0 HLT=0
ES =0010 0000000000000000 ffffffff 00af9300 DPL=0 DS   [-WA]
CS =0008 0000000000000000 ffffffff 00af9a00 DPL=0 CS64 [-R-]
SS =0010 0000000000000000 ffffffff 00af9300 DPL=0 DS   [-WA]
DS =0010 0000000000000000 ffffffff 00af9300 DPL=0 DS   [-WA]
FS =0030 0000000000000000 ffffffff 00cf9300 DPL=0 DS   [-WA]
GS =0030 ffff80001e1852a0 ffffffff 00cf9300 DPL=0 DS   [-WA]
LDT=0000 0000000000000000 0000ffff 00008200 DPL=0 LDT
TR =0028 ffff80001e1b5070 00000067 00008900 DPL=0 TSS64-avl
GDT=     ffff80001e144f90 0000003f
IDT=     000000001e191890 00000fff
CR0=80010033 CR2=0000000000000000 CR3=0000000000002000 CR4=00000668
DR0=0000000000000000 DR1=0000000000000000 DR2=0000000000000000 DR3=0000000000000000 
DR6=00000000ffff0ff0 DR7=0000000000000400
CCS=0000000000000014 CCD=000000001e183268 CCO=EFLAGS
EFER=0000000000000d00
Servicing hardware INT=0x20
    86: v=20 e=0000 i=0 cpl=0 IP=0008:000000001e069487 pc=000000001e069487 SP=0010:000000001e183290 env->regs[R_EAX]=0000000000000000
RAX=0000000000000000 RBX=0000000000ff0001 RCX=00000000000003f8 RDX=00000000000003f8
RSI=0000000000000800 RDI=0000700000000000 RBP=000000001e183648 RSP=000000001e183290
R8 =0000000000000000 R9 =000000000000002d R10=0000000000002000 R11=000000000100000a
R12=000000001e09dca5 R13=000000001e09da75 R14=0000000000000008 R15=0000000000000020
RIP=000000001e069487 RFL=00010216 [----AP-] CPL=0 II=0 A20=1 SMM=0 HLT=0
ES =0010 0000000000000000 ffffffff 00af9300 DPL=0 DS   [-WA]
CS =0008 0000000000000000 ffffffff 00af9a00 DPL=0 CS64 [-R-]
SS =0010 0000000000000000 ffffffff 00af9300 DPL=0 DS   [-WA]
DS =0010 0000000000000000 ffffffff 00af9300 DPL=0 DS   [-WA]
FS =0030 0000000000000000 ffffffff 00cf9300 DPL=0 DS   [-WA]
GS =0030 ffff80001e1852a0 ffffffff 00cf9300 DPL=0 DS   [-WA]
LDT=0000 0000000000000000 0000ffff 00008200 DPL=0 LDT
TR =0028 ffff80001e1b5070 00000067 00008900 DPL=0 TSS64-avl
GDT=     ffff80001e144f90 0000003f
IDT=     000000001e191890 00000fff
CR0=80010033 CR2=0000000000000000 CR3=0000000000002000 CR4=00000668
DR0=0000000000000000 DR1=0000000000000000 DR2=0000000000000000 DR3=0000000000000000 
DR6=00000000ffff0ff0 DR7=0000000000000400
CCS=0000000000000014 CCD=000000001e183268 CCO=EFLAGS
EFER=0000000000000d00
Servicing hardware INT=0x20
    87: v=20 e=0000 i=0 cpl=0 IP=0008:000000001e0483eb pc=000000001e0483eb SP=0010:ffff800000286e28 env->regs[R_EAX]=0000000000000000
RAX=0000000000000000 RBX=0000000000000001 RCX=0000000000000000 RDX=0000000000000000
RSI=0000000000000000 RDI=0000000000000000 RBP=0000000000000000 RSP=ffff800000286e28
R8 =0000000000000000 R9 =0000000000000000 R10=0000000000000000 R11=0000000000000000
R12=000000001e0a25f3 R13=0000000000000000 R14=ffff800000286e68 R15=ffff800000286ee8
RIP=000000001e0483eb RFL=00000297 [--S-APC] CPL=0 II=0 A20=1 SMM=0 HLT=0
ES =0010 0000000000000000 ffffffff 00af9300 DPL=0 DS   [-WA]
CS =0008 0000000000000000 ffffffff 00af9a00 DPL=0 CS64 [-R-]
SS =0010 0000000000000000 ffffffff 00af9300 DPL=0 DS   [-WA]
DS =0010 0000000000000000 ffffffff 00af9300 DPL=0 DS   [-WA]
FS =0020 0000000000000000 ffffffff 00af9300 DPL=0 DS   [-WA]
GS =0020 ffff80001e1852c0 ffffffff 00af9300 DPL=0 DS   [-WA]
LDT=0000 0000000000000000 0000ffff 00008200 DPL=0 LDT
TR =0028 ffff80001e1b50d8 00000067 00008900 DPL=0 TSS64-avl
GDT=     ffff80001e144fd0 0000003f
IDT=     000000001e191890 00000fff
CR0=80010033 CR2=0000000000000000 CR3=0000000000002000 CR4=00000620
DR0=0000000000000000 DR1=0000000000000000 DR2=0000000000000000 DR3=0000000000000000 
DR6=00000000ffff0ff0 DR7=0000000000000400
CCS=0000000000000095 CCD=ffffffffffffffff CCO=EFLAGS
EFER=0000000000000d01
Servicing hardware INT=0x20
    88: v=20 e=0000 i=0 cpl=0 IP=0008:000000001e07d51e pc=000000001e07d51e SP=0010:000000001e183298 env->regs[R_EAX]=000000001e183101
RAX=000000001e183101 RBX=0000001000241000 RCX=00000000000003f8 RDX=00000000000003f8
RSI=00000000000ef434 RDI=0000000000287000 RBP=0000000000000030 RSP=000000001e183298
R8 =0000000000000000 R9 =000000001e076ff4 R10=0000000000002000 R11=000000000000000a
R12=0000000030030000 R13=0000001000230000 R14=000000001e183648 R15=0000001000000000
RIP=000000001e07d51e RFL=00000246 [---Z-P-] CPL=0 II=0 A20=1 SMM=0 HLT=0
ES =0010 0000000000000000 ffffffff 00af9300 DPL=0 DS   [-WA]
CS =0008 0000000000000000 ffffffff 00af9a00 DPL=0 CS64 [-R-]
SS =0010 0000000000000000 ffffffff 00af9300 DPL=0 DS   [-WA]
DS =0010 0000000000000000 ffffffff 00af9300 DPL=0 DS   [-WA]
FS =0030 0000000000000000 ffffffff 00cf9300 DPL=0 DS   [-WA]
GS =0030 ffff80001e1852a0 ffffffff 00cf9300 DPL=0 DS   [-WA]
LDT=0000 0000000000000000 0000ffff 00008200 DPL=0 LDT
TR =0028 ffff80001e1b5070 00000067 00008900 DPL=0 TSS64-avl
GDT=     ffff80001e144f90 0000003f
IDT=     000000001e191890 00000fff
CR0=80010033 CR2=0000000000000000 CR3=0000000000002000 CR4=00000668
DR0=0000000000000000 DR1=0000000000000000 DR2=0000000000000000 DR3=0000000000000000 
DR6=00000000ffff0ff0 DR7=0000000000000400
CCS=0000000000000044 CCD=000000001e183100 CCO=EFLAGS
EFER=0000000000000d01
Servicing hardware INT=0x20
    89: v=20 e=0000 i=0 cpl=0 IP=0008:000000001e065779 pc=000000001e065779 SP=0010:000000001e182f18 env->regs[R_EAX]=0000000000000000
RAX=0000000000000000 RBX=000000001e182fd0 RCX=000000001e182e90 RDX=ffff80000026ef80
RSI=00000000000ef401 RDI=00000000000ef448 RBP=ffff80000026fd00 RSP=000000001e182f18
R8 =0000000000000000 R9 =0000000000000001 R10=0000000000000002 R11=0000000000000000
R12=ffff80000026cea8 R13=ffff80000026cea8 R14=000000001e182f70 R15=0000000000000000
RIP=000000001e065779 RFL=00000246 [---Z-P-] CPL=0 II=0 A20=1 SMM=0 HLT=0
ES =0010 0000000000000000 ffffffff 00af9300 DPL=0 DS   [-WA]
CS =0008 0000000000000000 ffffffff 00af9a00 DPL=0 CS64 [-R-]
SS =0010 0000000000000000 ffffffff 00af9300 DPL=0 DS   [-WA]
DS =0010 0000000000000000 ffffffff 00af9300 DPL=0 DS   [-WA]
FS =0030 0000000000000000 ffffffff 00cf9300 DPL=0 DS   [-WA]
GS =0030 ffff80001e1852a0 ffffffff 00cf9300 DPL=0 DS   [-WA]
LDT=0000 0000000000000000 0000ffff 00008200 DPL=0 LDT
TR =0028 ffff80001e1b5070 00000067 00008900 DPL=0 TSS64-avl
GDT=     ffff80001e144f90 0000003f
IDT=     000000001e191890 00000fff
CR0=80010033 CR2=0000000000000000 CR3=0000000000002000 CR4=00000668
DR0=0000000000000000 DR1=0000000000000000 DR2=0000000000000000 DR3=0000000000000000 
DR6=00000000ffff0ff0 DR7=0000000000000400
CCS=0000000000000044 CCD=0000000000000000 CCO=EFLAGS
EFER=0000000000000d01
Servicing hardware INT=0x20
    90: v=20 e=0000 i=0 cpl=0 IP=0008:000000001e0483eb pc=000000001e0483eb SP=0010:ffff800000286e28 env->regs[R_EAX]=0000000000000000
RAX=0000000000000000 RBX=0000000000000001 RCX=0000000000000000 RDX=0000000000000000
RSI=0000000000000000 RDI=0000000000000000 RBP=0000000000000000 RSP=ffff800000286e28
R8 =0000000000000000 R9 =0000000000000000 R10=0000000000002000 R11=000000000000000a
R12=000000001e0a25f3 R13=0000000000000000 R14=ffff800000286e68 R15=ffff800000286ee8
RIP=000000001e0483eb RFL=00000297 [--S-APC] CPL=0 II=0 A20=1 SMM=0 HLT=0
ES =0010 0000000000000000 ffffffff 00af9300 DPL=0 DS   [-WA]
CS =0008 0000000000000000 ffffffff 00af9a00 DPL=0 CS64 [-R-]
SS =0010 0000000000000000 ffffffff 00af9300 DPL=0 DS   [-WA]
DS =0010 0000000000000000 ffffffff 00af9300 DPL=0 DS   [-WA]
FS =0020 0000000000000000 ffffffff 00af9300 DPL=0 DS   [-WA]
GS =0020 ffff80001e1852c0 ffffffff 00af9300 DPL=0 DS   [-WA]
LDT=0000 0000000000000000 0000ffff 00008200 DPL=0 LDT
TR =0028 ffff80001e1b50d8 00000067 00008900 DPL=0 TSS64-avl
GDT=     ffff80001e144fd0 0000003f
IDT=     000000001e191890 00000fff
CR0=80010033 CR2=0000000000000000 CR3=0000000000002000 CR4=00000620
DR0=0000000000000000 DR1=0000000000000000 DR2=0000000000000000 DR3=0000000000000000 
DR6=00000000ffff0ff0 DR7=0000000000000400
CCS=0000000000000095 CCD=ffffffffffffffff CCO=EFLAGS
EFER=0000000000000d01
Servicing hardware INT=0x20
    91: v=20 e=0000 i=0 cpl=0 IP=0008:000000001e06aa9e pc=000000001e06aa9e SP=0010:000000001e182fd8 env->regs[R_EAX]=ffff8000005c9000
RAX=ffff8000005c9000 RBX=00000000005b6000 RCX=00000000000001ea RDX=80000000025e9113
RSI=ffff800000004000 RDI=00000000005c9000 RBP=ffff8000005b6000 RSP=000000001e182fd8
R8 =00000000000000b9 R9 =0000000000000001 R10=0000000000000000 R11=0000000000000001
R12=ffff80000002d000 R13=0000000000000000 R14=0000000000000013 R15=0000000000000012
RIP=000000001e06aa9e RFL=00000203 [------C] CPL=0 II=0 A20=1 SMM=0 HLT=0
ES =0010 0000000000000000 ffffffff 00af9300 DPL=0 DS   [-WA]
CS =0008 0000000000000000 ffffffff 00af9a00 DPL=0 CS64 [-R-]
SS =0010 0000000000000000 ffffffff 00af9300 DPL=0 DS   [-WA]
DS =0010 0000000000000000 ffffffff 00af9300 DPL=0 DS   [-WA]
FS =0030 0000000000000000 ffffffff 00cf9300 DPL=0 DS   [-WA]
GS =0030 ffff80001e1852a0 ffffffff 00cf9300 DPL=0 DS   [-WA]
LDT=0000 0000000000000000 0000ffff 00008200 DPL=0 LDT
TR =0028 ffff80001e1b5070 00000067 00008900 DPL=0 TSS64-avl
GDT=     ffff80001e144f90 0000003f
IDT=     000000001e191890 00000fff
CR0=80010033 CR2=0000000000000000 CR3=0000000000002000 CR4=00000668
DR0=0000000000000000 DR1=0000000000000000 DR2=0000000000000000 DR3=0000000000000000 
DR6=00000000ffff0ff0 DR7=0000000000000400
CCS=0000000000000001 CCD=00000000000001ea CCO=EFLAGS
EFER=0000000000000d01
Servicing hardware INT=0x20
    92: v=20 e=0000 i=0 cpl=0 IP=0008:000000001e0483eb pc=000000001e0483eb SP=0010:ffff800000286e28 env->regs[R_EAX]=0000000000000000
RAX=0000000000000000 RBX=0000000000000001 RCX=0000000000000000 RDX=0000000000000000
RSI=0000000000000000 RDI=0000000000000000 RBP=0000000000000000 RSP=ffff800000286e28
R8 =0000000000000000 R9 =0000000000000000 R10=0000000000000000 R11=0000000000000000
R12=000000001e0a25f3 R13=0000000000000000 R14=ffff800000286e68 R15=ffff800000286ee8
RIP=000000001e0483eb RFL=00000297 [--S-APC] CPL=0 II=0 A20=1 SMM=0 HLT=0
ES =0010 0000000000000000 ffffffff 00af9300 DPL=0 DS   [-WA]
CS =0008 0000000000000000 ffffffff 00af9a00 DPL=0 CS64 [-R-]
SS =0010 0000000000000000 ffffffff 00af9300 DPL=0 DS   [-WA]
DS =0010 0000000000000000 ffffffff 00af9300 DPL=0 DS   [-WA]
FS =0020 0000000000000000 ffffffff 00af9300 DPL=0 DS   [-WA]
GS =0020 ffff80001e1852c0 ffffffff 00af9300 DPL=0 DS   [-WA]
LDT=0000 0000000000000000 0000ffff 00008200 DPL=0 LDT
TR =0028 ffff80001e1b50d8 00000067 00008900 DPL=0 TSS64-avl
GDT=     ffff80001e144fd0 0000003f
IDT=     000000001e191890 00000fff
CR0=80010033 CR2=0000000000000000 CR3=0000000000002000 CR4=00000620
DR0=0000000000000000 DR1=0000000000000000 DR2=0000000000000000 DR3=0000000000000000 
DR6=00000000ffff0ff0 DR7=0000000000000400
CCS=0000000000000095 CCD=ffffffffffffffff CCO=EFLAGS
EFER=0000000000000d01
Servicing hardware INT=0x20
    93: v=20 e=0000 i=0 cpl=0 IP=0008:000000001e063328 pc=000000001e063328 SP=0010:000000001e182760 env->regs[R_EAX]=00000000000001b6
RAX=00000000000001b6 RBX=00000000005b6000 RCX=0000000000696000 RDX=00000000000001b6
RSI=0000000000000001 RDI=00000000000001b6 RBP=00000000000001b7 RSP=000000001e182760
R8 =00000000000ef452 R9 =0000000000000000 R10=0000000000000000 R11=0000000000000008
R12=0000000000000001 R13=0000000000000001 R14=0000000000000000 R15=0000000000696000
RIP=000000001e063328 RFL=00000297 [--S-APC] CPL=0 II=0 A20=1 SMM=0 HLT=0
ES =0010 0000000000000000 ffffffff 00af9300 DPL=0 DS   [-WA]
CS =0008 0000000000000000 ffffffff 00af9a00 DPL=0 CS64 [-R-]
SS =0010 0000000000000000 ffffffff 00af9300 DPL=0 DS   [-WA]
DS =0010 0000000000000000 ffffffff 00af9300 DPL=0 DS   [-WA]
FS =0030 0000000000000000 ffffffff 00cf9300 DPL=0 DS   [-WA]
GS =0030 ffff80001e1852a0 ffffffff 00cf9300 DPL=0 DS   [-WA]
LDT=0000 0000000000000000 0000ffff 00008200 DPL=0 LDT
TR =0028 ffff80001e1b5070 00000067 00008900 DPL=0 TSS64-avl
GDT=     ffff80001e144f90 0000003f
IDT=     000000001e191890 00000fff
CR0=80010033 CR2=0000000000000000 CR3=0000000000002000 CR4=00000668
DR0=0000000000000000 DR1=0000000000000000 DR2=0000000000000000 DR3=0000000000000000 
DR6=00000000ffff0ff0 DR7=0000000000000400
CCS=0000000000000095 CCD=ffffffffffffffb7 CCO=EFLAGS
EFER=0000000000000d01
Servicing hardware INT=0x20
    94: v=20 e=0000 i=0 cpl=0 IP=0008:000000001e0483eb pc=000000001e0483eb SP=0010:ffff800000286e28 env->regs[R_EAX]=000000001e144e88
RAX=000000001e144e88 RBX=0000000000000001 RCX=0000000000000040 RDX=0000000000000000
RSI=0000000000000000 RDI=0000000000000001 RBP=0000000000000000 RSP=ffff800000286e28
R8 =000000001e0a3fa8 R9 =0000000000000018 R10=0000000000000000 R11=0000000000000000
R12=000000001e0a25f3 R13=0000000000000000 R14=ffff800000286e68 R15=ffff800000286ee8
RIP=000000001e0483eb RFL=00000246 [---Z-P-] CPL=0 II=0 A20=1 SMM=0 HLT=0
ES =0010 0000000000000000 ffffffff 00af9300 DPL=0 DS   [-WA]
CS =0008 0000000000000000 ffffffff 00af9a00 DPL=0 CS64 [-R-]
SS =0010 0000000000000000 ffffffff 00af9300 DPL=0 DS   [-WA]
DS =0010 0000000000000000 ffffffff 00af9300 DPL=0 DS   [-WA]
FS =0020 0000000000000000 ffffffff 00af9300 DPL=0 DS   [-WA]
GS =0020 ffff80001e1852c0 ffffffff 00af9300 DPL=0 DS   [-WA]
LDT=0000 0000000000000000 0000ffff 00008200 DPL=0 LDT
TR =0028 ffff80001e1b50d8 00000067 00008900 DPL=0 TSS64-avl
GDT=     ffff80001e144fd0 0000003f
IDT=     000000001e191890 00000fff
CR0=80010033 CR2=0000000000000000 CR3=0000000000002000 CR4=00000620
DR0=0000000000000000 DR1=0000000000000000 DR2=0000000000000000 DR3=0000000000000000 
DR6=00000000ffff0ff0 DR7=0000000000000400
CCS=0000000000000044 CCD=0000000000000000 CCO=EFLAGS
EFER=0000000000000d01
Servicing hardware INT=0x20
    95: v=20 e=0000 i=0 cpl=0 IP=0008:000000001e06c52b pc=000000001e06c52b SP=0010:000000001e182f98 env->regs[R_EAX]=0000000000000000
RAX=0000000000000000 RBX=00000000005b6000 RCX=0000000000000000 RDX=00000000006a6000
RSI=00000000006a6000 RDI=ffff8000006a7000 RBP=ffff8000005b6000 RSP=000000001e182f98
R8 =00000000000000d4 R9 =0000000000000006 R10=0000000000000000 R11=0000000000000001
R12=0000000000247003 R13=0000000000000000 R14=00000000000000f0 R15=00000000000000ef
RIP=000000001e06c52b RFL=00000246 [---Z-P-] CPL=0 II=0 A20=1 SMM=0 HLT=0
ES =0010 0000000000000000 ffffffff 00af9300 DPL=0 DS   [-WA]
CS =0008 0000000000000000 ffffffff 00af9a00 DPL=0 CS64 [-R-]
SS =0010 0000000000000000 ffffffff 00af9300 DPL=0 DS   [-WA]
DS =0010 0000000000000000 ffffffff 00af9300 DPL=0 DS   [-WA]
FS =0030 0000000000000000 ffffffff 00cf9300 DPL=0 DS   [-WA]
GS =0030 ffff80001e1852a0 ffffffff 00cf9300 DPL=0 DS   [-WA]
LDT=0000 0000000000000000 0000ffff 00008200 DPL=0 LDT
TR =0028 ffff80001e1b5070 00000067 00008900 DPL=0 TSS64-avl
GDT=     ffff80001e144f90 0000003f
IDT=     000000001e191890 00000fff
CR0=80010033 CR2=0000000000000000 CR3=0000000000002000 CR4=00000668
DR0=0000000000000000 DR1=0000000000000000 DR2=0000000000000000 DR3=0000000000000000 
DR6=00000000ffff0ff0 DR7=0000000000000400
CCS=0000000000000044 CCD=000000001e182f90 CCO=EFLAGS
EFER=0000000000000d01
Servicing hardware INT=0x20
    96: v=20 e=0000 i=0 cpl=0 IP=0008:000000001e0483eb pc=000000001e0483eb SP=0010:ffff800000286e28 env->regs[R_EAX]=000000001e144e88
RAX=000000001e144e88 RBX=0000000000000001 RCX=0000000000000040 RDX=0000000000000000
RSI=0000000000000000 RDI=0000000000000001 RBP=0000000000000000 RSP=ffff800000286e28
R8 =000000001e0a3fa8 R9 =0000000000000018 R10=0000000000000000 R11=0000000000000000
R12=000000001e0a25f3 R13=0000000000000000 R14=ffff800000286e68 R15=ffff800000286ee8
RIP=000000001e0483eb RFL=00000246 [---Z-P-] CPL=0 II=0 A20=1 SMM=0 HLT=0
ES =0010 0000000000000000 ffffffff 00af9300 DPL=0 DS   [-WA]
CS =0008 0000000000000000 ffffffff 00af9a00 DPL=0 CS64 [-R-]
SS =0010 0000000000000000 ffffffff 00af9300 DPL=0 DS   [-WA]
DS =0010 0000000000000000 ffffffff 00af9300 DPL=0 DS   [-WA]
FS =0020 0000000000000000 ffffffff 00af9300 DPL=0 DS   [-WA]
GS =0020 ffff80001e1852c0 ffffffff 00af9300 DPL=0 DS   [-WA]
LDT=0000 0000000000000000 0000ffff 00008200 DPL=0 LDT
TR =0028 ffff80001e1b50d8 00000067 00008900 DPL=0 TSS64-avl
GDT=     ffff80001e144fd0 0000003f
IDT=     000000001e191890 00000fff
CR0=80010033 CR2=0000000000000000 CR3=0000000000002000 CR4=00000620
DR0=0000000000000000 DR1=0000000000000000 DR2=0000000000000000 DR3=0000000000000000 
DR6=00000000ffff0ff0 DR7=0000000000000400
CCS=0000000000000044 CCD=0000000000000000 CCO=EFLAGS
EFER=0000000000000d01
Servicing hardware INT=0x20
    97: v=20 e=0000 i=0 cpl=0 IP=0008:000000001e0483eb pc=000000001e0483eb SP=0010:ffff800000286e28 env->regs[R_EAX]=000000001e144e88
RAX=000000001e144e88 RBX=0000000000000001 RCX=0000000000000040 RDX=0000000000000000
RSI=0000000000000000 RDI=0000000000000001 RBP=0000000000000000 RSP=ffff800000286e28
R8 =000000001e0a3fa8 R9 =0000000000000018 R10=0000000000000000 R11=0000000000000000
R12=000000001e0a25f3 R13=0000000000000000 R14=ffff800000286e68 R15=ffff800000286ee8
RIP=000000001e0483eb RFL=00000246 [---Z-P-] CPL=0 II=0 A20=1 SMM=0 HLT=0
ES =0010 0000000000000000 ffffffff 00af9300 DPL=0 DS   [-WA]
CS =0008 0000000000000000 ffffffff 00af9a00 DPL=0 CS64 [-R-]
SS =0010 0000000000000000 ffffffff 00af9300 DPL=0 DS   [-WA]
DS =0010 0000000000000000 ffffffff 00af9300 DPL=0 DS   [-WA]
FS =0020 0000000000000000 ffffffff 00af9300 DPL=0 DS   [-WA]
GS =0020 ffff80001e1852c0 ffffffff 00af9300 DPL=0 DS   [-WA]
LDT=0000 0000000000000000 0000ffff 00008200 DPL=0 LDT
TR =0028 ffff80001e1b50d8 00000067 00008900 DPL=0 TSS64-avl
GDT=     ffff80001e144fd0 0000003f
IDT=     000000001e191890 00000fff
CR0=80010033 CR2=0000000000000000 CR3=0000000000002000 CR4=00000620
DR0=0000000000000000 DR1=0000000000000000 DR2=0000000000000000 DR3=0000000000000000 
DR6=00000000ffff0ff0 DR7=0000000000000400
CCS=0000000000000044 CCD=0000000000000000 CCO=EFLAGS
EFER=0000000000000d01
Servicing hardware INT=0x20
    98: v=20 e=0000 i=0 cpl=0 IP=0008:000000001e048c6c pc=000000001e048c6c SP=0010:000000001e182770 env->regs[R_EAX]=0000000000000336
RAX=0000000000000336 RBX=00000000000003f8 RCX=00000000000003f8 RDX=00000000000003f8
RSI=0000000000000006 RDI=000000001e18282a RBP=0000000000000064 RSP=000000001e182770
R8 =0000000000000336 R9 =0000000000000000 R10=0000000000002000 R11=000000000000000a
R12=000000000000000e R13=000000001e0b39c7 R14=0000000000000004 R15=000000001e0b3668
RIP=000000001e048c6c RFL=00000202 [-------] CPL=0 II=0 A20=1 SMM=0 HLT=0
ES =0010 0000000000000000 ffffffff 00af9300 DPL=0 DS   [-WA]
CS =0008 0000000000000000 ffffffff 00af9a00 DPL=0 CS64 [-R-]
SS =0010 0000000000000000 ffffffff 00af9300 DPL=0 DS   [-WA]
DS =0010 0000000000000000 ffffffff 00af9300 DPL=0 DS   [-WA]
FS =0030 0000000000000000 ffffffff 00cf9300 DPL=0 DS   [-WA]
GS =0030 ffff80001e1852a0 ffffffff 00cf9300 DPL=0 DS   [-WA]
LDT=0000 0000000000000000 0000ffff 00008200 DPL=0 LDT
TR =0028 ffff80001e1b5070 00000067 00008900 DPL=0 TSS64-avl
GDT=     ffff80001e144f90 0000003f
IDT=     000000001e191890 00000fff
CR0=80010033 CR2=0000000000000000 CR3=0000000000002000 CR4=00000668
DR0=0000000000000000 DR1=0000000000000000 DR2=0000000000000000 DR3=0000000000000000 
DR6=00000000ffff0ff0 DR7=0000000000000400
CCS=0000000000000000 CCD=0000000000000020 CCO=EFLAGS
EFER=0000000000000d01
ahci: IRQ#0 level:1
Servicing hardware INT=0x20
    99: v=20 e=0000 i=0 cpl=0 IP=0008:000000001e0483eb pc=000000001e0483eb SP=0010:ffff800000286e28 env->regs[R_EAX]=000000001e144e88
RAX=000000001e144e88 RBX=0000000000000001 RCX=0000000000000040 RDX=0000000000000000
RSI=0000000000000000 RDI=0000000000000001 RBP=0000000000000000 RSP=ffff800000286e28
R8 =000000001e0a3fa8 R9 =0000000000000018 R10=0000000000000000 R11=0000000000000000
R12=000000001e0a25f3 R13=0000000000000000 R14=ffff800000286e68 R15=ffff800000286ee8
RIP=000000001e0483eb RFL=00000246 [---Z-P-] CPL=0 II=0 A20=1 SMM=0 HLT=0
ES =0010 0000000000000000 ffffffff 00af9300 DPL=0 DS   [-WA]
CS =0008 0000000000000000 ffffffff 00af9a00 DPL=0 CS64 [-R-]
SS =0010 0000000000000000 ffffffff 00af9300 DPL=0 DS   [-WA]
DS =0010 0000000000000000 ffffffff 00af9300 DPL=0 DS   [-WA]
FS =0020 0000000000000000 ffffffff 00af9300 DPL=0 DS   [-WA]
GS =0020 ffff80001e1852c0 ffffffff 00af9300 DPL=0 DS   [-WA]
LDT=0000 0000000000000000 0000ffff 00008200 DPL=0 LDT
TR =0028 ffff80001e1b50d8 00000067 00008900 DPL=0 TSS64-avl
GDT=     ffff80001e144fd0 0000003f
IDT=     000000001e191890 00000fff
CR0=80010033 CR2=0000000000000000 CR3=0000000000002000 CR4=00000620
DR0=0000000000000000 DR1=0000000000000000 DR2=0000000000000000 DR3=0000000000000000 
DR6=00000000ffff0ff0 DR7=0000000000000400
CCS=0000000000000044 CCD=0000000000000000 CCO=EFLAGS
EFER=0000000000000d01
Servicing hardware INT=0x20
   100: v=20 e=0000 i=0 cpl=0 IP=0008:000000001e07204b pc=000000001e07204b SP=0010:000000001e183218 env->regs[R_EAX]=0000000000000200
RAX=0000000000000200 RBX=00000000009d5800 RCX=00000000c1060000 RDX=000000000098967f
RSI=000000001e183648 RDI=00000000009d5900 RBP=000000001e183648 RSP=000000001e183218
R8 =0000000000000001 R9 =0000000000000000 R10=0000000000000009 R11=000000001e0b39c7
R12=0000000000000000 R13=000000001e1874b8 R14=0000000000000000 R15=000000001e1833c8
RIP=000000001e07204b RFL=00000246 [---Z-P-] CPL=0 II=0 A20=1 SMM=0 HLT=0
ES =0010 0000000000000000 ffffffff 00af9300 DPL=0 DS   [-WA]
CS =0008 0000000000000000 ffffffff 00af9a00 DPL=0 CS64 [-R-]
SS =0010 0000000000000000 ffffffff 00af9300 DPL=0 DS   [-WA]
DS =0010 0000000000000000 ffffffff 00af9300 DPL=0 DS   [-WA]
FS =0030 0000000000000000 ffffffff 00cf9300 DPL=0 DS   [-WA]
GS =0030 ffff80001e1852a0 ffffffff 00cf9300 DPL=0 DS   [-WA]
LDT=0000 0000000000000000 0000ffff 00008200 DPL=0 LDT
TR =0028 ffff80001e1b5070 00000067 00008900 DPL=0 TSS64-avl
GDT=     ffff80001e144f90 0000003f
IDT=     000000001e191890 00000fff
CR0=80010033 CR2=0000000000000000 CR3=0000000000002000 CR4=00000668
DR0=0000000000000000 DR1=0000000000000000 DR2=0000000000000000 DR3=0000000000000000 
DR6=00000000ffff0ff0 DR7=0000000000000400
CCS=0000000000000044 CCD=0000000000000000 CCO=EFLAGS
EFER=0000000000000d01
ahci: IRQ#0 level:1
Servicing hardware INT=0x20
   101: v=20 e=0000 i=0 cpl=0 IP=0008:000000001e0483eb pc=000000001e0483eb SP=0010:ffff800000286e28 env->regs[R_EAX]=000000001e144e88
RAX=000000001e144e88 RBX=0000000000000001 RCX=0000000000000040 RDX=0000000000000000
RSI=0000000000000000 RDI=0000000000000001 RBP=0000000000000000 RSP=ffff800000286e28
R8 =000000001e0a3fa8 R9 =0000000000000018 R10=0000000000000000 R11=0000000000000000
R12=000000001e0a25f3 R13=0000000000000000 R14=ffff800000286e68 R15=ffff800000286ee8
RIP=000000001e0483eb RFL=00000246 [---Z-P-] CPL=0 II=0 A20=1 SMM=0 HLT=0
ES =0010 0000000000000000 ffffffff 00af9300 DPL=0 DS   [-WA]
CS =0008 0000000000000000 ffffffff 00af9a00 DPL=0 CS64 [-R-]
SS =0010 0000000000000000 ffffffff 00af9300 DPL=0 DS   [-WA]
DS =0010 0000000000000000 ffffffff 00af9300 DPL=0 DS   [-WA]
FS =0020 0000000000000000 ffffffff 00af9300 DPL=0 DS   [-WA]
GS =0020 ffff80001e1852c0 ffffffff 00af9300 DPL=0 DS   [-WA]
LDT=0000 0000000000000000 0000ffff 00008200 DPL=0 LDT
TR =0028 ffff80001e1b50d8 00000067 00008900 DPL=0 TSS64-avl
GDT=     ffff80001e144fd0 0000003f
IDT=     000000001e191890 00000fff
CR0=80010033 CR2=0000000000000000 CR3=0000000000002000 CR4=00000620
DR0=0000000000000000 DR1=0000000000000000 DR2=0000000000000000 DR3=0000000000000000 
DR6=00000000ffff0ff0 DR7=0000000000000400
CCS=0000000000000044 CCD=0000000000000000 CCO=EFLAGS
EFER=0000000000000d01
ahci: IRQ#0 level:1
ahci: IRQ#0 level:1
Servicing hardware INT=0x20
   102: v=20 e=0000 i=0 cpl=3 IP=0023:00000000008009b1 pc=00000000008009b1 SP=001b:000000007fffff78 env->regs[R_EAX]=0000000000000004
RAX=0000000000000004 RBX=000000007fffff90 RCX=00000000000003fd RDX=0000000000000007
RSI=0000000000000007 RDI=0000000000801456 RBP=00000000ffe4ffdc RSP=000000007fffff78
R8 =00000000009f5000 R9 =000000001e0a8717 R10=ffff800000000000 R11=0000000000000004
R12=000000001e0a3614 R13=000000001e183318 R14=0000000000801456 R15=0000000000000014
RIP=00000000008009b1 RFL=00000216 [----AP-] CPL=3 II=0 A20=1 SMM=0 HLT=0
ES =001b 0000000000000000 ffffffff 00aff300 DPL=3 DS   [-WA]
CS =0023 0000000000000000 ffffffff 00affa00 DPL=3 CS64 [-R-]
SS =001b 0000000000000000 ffffffff 00aff300 DPL=3 DS   [-WA]
DS =001b 0000000000000000 ffffffff 00aff300 DPL=3 DS   [-WA]
FS =0000 0000000000000000 ffffffff 00cf1300
GS =0000 ffff80001e1852a0 ffffffff 00cf1300
LDT=0000 0000000000000000 0000ffff 00008200 DPL=0 LDT
TR =0028 ffff80001e1b5070 00000067 00008900 DPL=0 TSS64-avl
GDT=     ffff80001e144f90 0000003f
IDT=     000000001e191890 00000fff
CR0=80010033 CR2=0000000000000000 CR3=00000000009f5000 CR4=00000668
DR0=0000000000000000 DR1=0000000000000000 DR2=0000000000000000 DR3=0000000000000000 
DR6=00000000ffff0ff0 DR7=0000000000000400
CCS=0000000000000014 CCD=0000000000000216 CCO=EFLAGS
EFER=0000000000000d01
Servicing hardware INT=0x20
   103: v=20 e=0000 i=0 cpl=0 IP=0008:000000001e0483eb pc=000000001e0483eb SP=0010:ffff800000286e28 env->regs[R_EAX]=0000000000000000
RAX=0000000000000000 RBX=0000000000000001 RCX=0000000000000000 RDX=0000000000000000
RSI=0000000000000000 RDI=0000000000000000 RBP=0000000000000000 RSP=ffff800000286e28
R8 =0000000000000000 R9 =0000000000000000 R10=0000000000000000 R11=0000000000000008
R12=000000001e0a25f3 R13=0000000000000000 R14=ffff800000286e68 R15=ffff800000286ee8
RIP=000000001e0483eb RFL=00000297 [--S-APC] CPL=0 II=0 A20=1 SMM=0 HLT=0
ES =0010 0000000000000000 ffffffff 00af9300 DPL=0 DS   [-WA]
CS =0008 0000000000000000 ffffffff 00af9a00 DPL=0 CS64 [-R-]
SS =0010 0000000000000000 ffffffff 00af9300 DPL=0 DS   [-WA]
DS =0010 0000000000000000 ffffffff 00af9300 DPL=0 DS   [-WA]
FS =0020 0000000000000000 ffffffff 00af9300 DPL=0 DS   [-WA]
GS =0020 ffff80001e1852c0 ffffffff 00af9300 DPL=0 DS   [-WA]
LDT=0000 0000000000000000 0000ffff 00008200 DPL=0 LDT
TR =0028 ffff80001e1b50d8 00000067 00008900 DPL=0 TSS64-avl
GDT=     ffff80001e144fd0 0000003f
IDT=     000000001e191890 00000fff
CR0=80010033 CR2=0000000000000000 CR3=0000000000002000 CR4=00000620
DR0=0000000000000000 DR1=0000000000000000 DR2=0000000000000000 DR3=0000000000000000 
DR6=00000000ffff0ff0 DR7=0000000000000400
CCS=0000000000000095 CCD=ffffffffffffffff CCO=EFLAGS
EFER=0000000000000d01
Servicing hardware INT=0x20
   104: v=20 e=0000 i=0 cpl=3 IP=0023:0000000000800356 pc=0000000000800356 SP=001b:000000007ffffb08 env->regs[R_EAX]=0000000000000000
RAX=0000000000000000 RBX=0000000000000001 RCX=00000000000003fd RDX=0000000000000000
RSI=000000000000002f RDI=00000000008034dd RBP=000000007ffffff0 RSP=000000007ffffb08
R8 =0000000000000000 R9 =0000000000000000 R10=0000000000000000 R11=000000000000000a
R12=0000000000000000 R13=0000000000000000 R14=0000000000000000 R15=0000000000000000
RIP=0000000000800356 RFL=00000202 [-------] CPL=3 II=0 A20=1 SMM=0 HLT=0
ES =001b 0000000000000000 ffffffff 00aff300 DPL=3 DS   [-WA]
CS =0023 0000000000000000 ffffffff 00affa00 DPL=3 CS64 [-R-]
SS =001b 0000000000000000 ffffffff 00aff300 DPL=3 DS   [-WA]
DS =001b 0000000000000000 ffffffff 00aff300 DPL=3 DS   [-WA]
FS =0000 0000000000000000 ffffffff 00cf1300
GS =0000 ffff80001e1852a0 ffffffff 00cf1300
LDT=0000 0000000000000000 0000ffff 00008200 DPL=0 LDT
TR =0028 ffff80001e1b5070 00000067 00008900 DPL=0 TSS64-avl
GDT=     ffff80001e144f90 0000003f
IDT=     000000001e191890 00000fff
CR0=80010033 CR2=0000000000000000 CR3=0000000000ba1000 CR4=00000668
DR0=0000000000000000 DR1=0000000000000000 DR2=0000000000000000 DR3=0000000000000000 
DR6=00000000ffff0ff0 DR7=0000000000000400
CCS=0000000000000000 CCD=0000000000000202 CCO=EFLAGS
EFER=0000000000000d01
ahci: IRQ#0 level:1
ahci: IRQ#0 level:1
Servicing hardware INT=0x2d
   105: v=2d e=0000 i=0 cpl=0 IP=0008:000000001e0483eb pc=000000001e0483eb SP=0010:ffff80000027ee28 env->regs[R_EAX]=0000000000000000
RAX=0000000000000000 RBX=0000000000000001 RCX=0000000000000000 RDX=0000000000000000
RSI=0000000000000000 RDI=0000000000000000 RBP=0000000000000000 RSP=ffff80000027ee28
R8 =0000000000000000 R9 =0000000000000000 R10=0000000000000000 R11=0000000000000000
R12=000000001e0a25f3 R13=0000000000000000 R14=ffff80000027ee68 R15=ffff80000027eee8
RIP=000000001e0483eb RFL=00000297 [--S-APC] CPL=0 II=0 A20=1 SMM=0 HLT=0
ES =001b 0000000000000000 ffffffff 00aff300 DPL=3 DS   [-WA]
CS =0008 0000000000000000 ffffffff 00af9a00 DPL=0 CS64 [-R-]
SS =0010 0000000000000000 ffffffff 00af9300 DPL=0 DS   [-WA]
DS =001b 0000000000000000 ffffffff 00aff300 DPL=3 DS   [-WA]
FS =0000 0000000000000000 ffffffff 00cf1300
GS =0000 ffff80001e1852a0 ffffffff 00cf1300
LDT=0000 0000000000000000 0000ffff 00008200 DPL=0 LDT
TR =0028 ffff80001e1b5070 00000067 00008900 DPL=0 TSS64-avl
GDT=     ffff80001e144f90 0000003f
IDT=     000000001e191890 00000fff
CR0=80010033 CR2=0000000000000000 CR3=0000000000002000 CR4=00000668
DR0=0000000000000000 DR1=0000000000000000 DR2=0000000000000000 DR3=0000000000000000 
DR6=00000000ffff0ff0 DR7=0000000000000400
CCS=0000000000000095 CCD=ffffffffffffffff CCO=EFLAGS
EFER=0000000000000d01
ahci: IRQ#0 level:1
ahci: IRQ#0 level:1
Servicing hardware INT=0x20
   106: v=20 e=0000 i=0 cpl=3 IP=0023:0000000000802262 pc=0000000000802262 SP=001b:000000007ffffe88 env->regs[R_EAX]=0000000000000000
RAX=0000000000000000 RBX=0000000000000002 RCX=00000000000003fd RDX=0000000000000000
RSI=0000000000000031 RDI=0000000000804ae0 RBP=000000007ffffff0 RSP=000000007ffffe88
R8 =0000000000000000 R9 =0000000000000000 R10=0000000000000000 R11=000000000000000a
R12=0000000000000000 R13=0000000000000000 R14=0000000000000000 R15=0000000000000000
RIP=0000000000802262 RFL=00000202 [-------] CPL=3 II=0 A20=1 SMM=0 HLT=0
ES =001b 0000000000000000 ffffffff 00aff300 DPL=3 DS   [-WA]
CS =0023 0000000000000000 ffffffff 00affa00 DPL=3 CS64 [-R-]
SS =001b 0000000000000000 ffffffff 00aff300 DPL=3 DS   [-WA]
DS =001b 0000000000000000 ffffffff 00aff300 DPL=3 DS   [-WA]
FS =0000 0000000000000000 ffffffff 00cf1300
GS =0000 ffff80001e1852a0 ffffffff 00cf1300
LDT=0000 0000000000000000 0000ffff 00008200 DPL=0 LDT
TR =0028 ffff80001e1b5070 00000067 00008900 DPL=0 TSS64-avl
GDT=     ffff80001e144f90 0000003f
IDT=     000000001e191890 00000fff
CR0=80010033 CR2=0000000000000000 CR3=0000000000d68000 CR4=00000668
DR0=0000000000000000 DR1=0000000000000000 DR2=0000000000000000 DR3=0000000000000000 
DR6=00000000ffff0ff0 DR7=0000000000000400
CCS=0000000000000000 CCD=0000000000000202 CCO=EFLAGS
EFER=0000000000000d01
Servicing hardware INT=0x2d
   107: v=2d e=0000 i=0 cpl=0 IP=0008:000000001e0483eb pc=000000001e0483eb SP=0010:ffff80000027ee28 env->regs[R_EAX]=0000000000000000
RAX=0000000000000000 RBX=0000000000000001 RCX=0000000000000000 RDX=0000000000000000
RSI=0000000000000000 RDI=0000000000000000 RBP=0000000000000000 RSP=ffff80000027ee28
R8 =0000000000000000 R9 =0000000000000000 R10=0000000000000002 R11=0000000000000000
R12=000000001e0a25f3 R13=0000000000000000 R14=ffff80000027ee68 R15=ffff80000027eee8
RIP=000000001e0483eb RFL=00000297 [--S-APC] CPL=0 II=0 A20=1 SMM=0 HLT=0
ES =001b 0000000000000000 ffffffff 00aff300 DPL=3 DS   [-WA]
CS =0008 0000000000000000 ffffffff 00af9a00 DPL=0 CS64 [-R-]
SS =0010 0000000000000000 ffffffff 00af9300 DPL=0 DS   [-WA]
DS =001b 0000000000000000 ffffffff 00aff300 DPL=3 DS   [-WA]
FS =0000 0000000000000000 ffffffff 00cf1300
GS =0000 ffff80001e1852a0 ffffffff 00cf1300
LDT=0000 0000000000000000 0000ffff 00008200 DPL=0 LDT
TR =0028 ffff80001e1b5070 00000067 00008900 DPL=0 TSS64-avl
GDT=     ffff80001e144f90 0000003f
IDT=     000000001e191890 00000fff
CR0=80010033 CR2=0000000000000000 CR3=0000000000002000 CR4=00000668
DR0=0000000000000000 DR1=0000000000000000 DR2=0000000000000000 DR3=0000000000000000 
DR6=00000000ffff0ff0 DR7=0000000000000400
CCS=0000000000000095 CCD=ffffffffffffffff CCO=EFLAGS
EFER=0000000000000d01
Servicing hardware INT=0x20
   108: v=20 e=0000 i=0 cpl=3 IP=0023:00000000008009b1 pc=00000000008009b1 SP=001b:000000007fffff78 env->regs[R_EAX]=0000000000000006
RAX=0000000000000006 RBX=000000007fffff90 RCX=00000000000003fd RDX=000000000000000c
RSI=000000000000000c RDI=00000000008014ea RBP=00000000ffe4ffdc RSP=000000007fffff78
R8 =00000000009f5000 R9 =000000001e0a8717 R10=0000000000000000 R11=0000000000000006
R12=000000001e0a3614 R13=000000001e183318 R14=00000000008014ea R15=0000000000000014
RIP=00000000008009b1 RFL=00000216 [----AP-] CPL=3 II=0 A20=1 SMM=0 HLT=0
ES =0000 0000000000000000 ffffffff 00af1300
CS =0023 0000000000000000 ffffffff 00affa00 DPL=3 CS64 [-R-]
SS =001b 0000000000000000 ffffffff 00aff200 DPL=3 DS   [-W-]
DS =0000 0000000000000000 ffffffff 00af1300
FS =0000 0000000000000000 ffffffff 00af1300
GS =0000 ffff80001e1852c0 ffffffff 00af1300
LDT=0000 0000000000000000 0000ffff 00008200 DPL=0 LDT
TR =0028 ffff80001e1b50d8 00000067 00008900 DPL=0 TSS64-avl
GDT=     ffff80001e144fd0 0000003f
IDT=     000000001e191890 00000fff
CR0=80010033 CR2=0000000000000000 CR3=00000000009f5000 CR4=00000620
DR0=0000000000000000 DR1=0000000000000000 DR2=0000000000000000 DR3=0000000000000000 
DR6=00000000ffff0ff0 DR7=0000000000000400
CCS=0000000000000014 CCD=0000000000000216 CCO=EFLAGS
EFER=0000000000000d01
ahci: IRQ#0 level:1
ahci: IRQ#0 level:1
Servicing hardware INT=0x2d
   109: v=2d e=0000 i=0 cpl=0 IP=0008:000000001e0483eb pc=000000001e0483eb SP=0010:ffff80000027ee28 env->regs[R_EAX]=0000000000000000
RAX=0000000000000000 RBX=0000000000000001 RCX=0000000000000000 RDX=0000000000000000
RSI=0000000000000000 RDI=0000000000000000 RBP=0000000000000000 RSP=ffff80000027ee28
R8 =0000000000000000 R9 =0000000000000000 R10=0000000000000003 R11=0000000000000000
R12=000000001e0a25f3 R13=0000000000000000 R14=ffff80000027ee68 R15=ffff80000027eee8
RIP=000000001e0483eb RFL=00000297 [--S-APC] CPL=0 II=0 A20=1 SMM=0 HLT=0
ES =001b 0000000000000000 ffffffff 00aff300 DPL=3 DS   [-WA]
CS =0008 0000000000000000 ffffffff 00af9a00 DPL=0 CS64 [-R-]
SS =0010 0000000000000000 ffffffff 00af9300 DPL=0 DS   [-WA]
DS =001b 0000000000000000 ffffffff 00aff300 DPL=3 DS   [-WA]
FS =0000 0000000000000000 ffffffff 00cf1300
GS =0000 ffff80001e1852a0 ffffffff 00cf1300
LDT=0000 0000000000000000 0000ffff 00008200 DPL=0 LDT
TR =0028 ffff80001e1b5070 00000067 00008900 DPL=0 TSS64-avl
GDT=     ffff80001e144f90 0000003f
IDT=     000000001e191890 00000fff
CR0=80010033 CR2=0000000000000000 CR3=0000000000002000 CR4=00000668
DR0=0000000000000000 DR1=0000000000000000 DR2=0000000000000000 DR3=0000000000000000 
DR6=00000000ffff0ff0 DR7=0000000000000400
CCS=0000000000000095 CCD=ffffffffffffffff CCO=EFLAGS
EFER=0000000000000d01
Servicing hardware INT=0x20
   110: v=20 e=0000 i=0 cpl=3 IP=0023:00000000008086de pc=00000000008086de SP=001b:000000007fffd208 env->regs[R_EAX]=0000000000000000
RAX=0000000000000000 RBX=0000000000000027 RCX=00000000000003fd RDX=0000000000000000
RSI=0000000000000028 RDI=000000000080fce0 RBP=000000007ffffff0 RSP=000000007fffd208
R8 =0000000000000000 R9 =0000000000000000 R10=0000000000000000 R11=000000000000000a
R12=0000000000000000 R13=0000000000000000 R14=0000000000000028 R15=0000000000000000
RIP=00000000008086de RFL=00000212 [----A--] CPL=3 II=0 A20=1 SMM=0 HLT=0
ES =001b 0000000000000000 ffffffff 00aff300 DPL=3 DS   [-WA]
CS =0023 0000000000000000 ffffffff 00affa00 DPL=3 CS64 [-R-]
SS =001b 0000000000000000 ffffffff 00aff300 DPL=3 DS   [-WA]
DS =001b 0000000000000000 ffffffff 00aff300 DPL=3 DS   [-WA]
FS =0000 0000000000000000 ffffffff 00cf1300
GS =0000 ffff80001e1852a0 ffffffff 00cf1300
LDT=0000 0000000000000000 0000ffff 00008200 DPL=0 LDT
TR =0028 ffff80001e1b5070 00000067 00008900 DPL=0 TSS64-avl
GDT=     ffff80001e144f90 0000003f
IDT=     000000001e191890 00000fff
CR0=80010033 CR2=0000000000000000 CR3=000000000112a000 CR4=00000668
DR0=0000000000000000 DR1=0000000000000000 DR2=0000000000000000 DR3=0000000000000000 
DR6=00000000ffff0ff0 DR7=0000000000000400
CCS=0000000000000010 CCD=0000000000000212 CCO=EFLAGS
EFER=0000000000000d01
Servicing hardware INT=0x20
   111: v=20 e=0000 i=0 cpl=3 IP=0023:0000000000800687 pc=0000000000800687 SP=001b:000000007ffffe58 env->regs[R_EAX]=0000000000000101
RAX=0000000000000101 RBX=000000007fffffc0 RCX=00000000000003fd RDX=0000000000000003
RSI=0000000000801542 RDI=000000007fffffc0 RBP=00000000000001f4 RSP=000000007ffffe58
R8 =00000000009f5000 R9 =000000001e0a8717 R10=0000000000000000 R11=0000000000000000
R12=0000000000000003 R13=0000000000000004 R14=ffff800000b9d000 R15=0000000000801542
RIP=0000000000800687 RFL=00000212 [----A--] CPL=3 II=0 A20=1 SMM=0 HLT=0
ES =0000 0000000000000000 ffffffff 00af1300
CS =0023 0000000000000000 ffffffff 00affa00 DPL=3 CS64 [-R-]
SS =001b 0000000000000000 ffffffff 00aff200 DPL=3 DS   [-W-]
DS =0000 0000000000000000 ffffffff 00af1300
FS =0000 0000000000000000 ffffffff 00af1300
GS =0000 ffff80001e1852c0 ffffffff 00af1300
LDT=0000 0000000000000000 0000ffff 00008200 DPL=0 LDT
TR =0028 ffff80001e1b50d8 00000067 00008900 DPL=0 TSS64-avl
GDT=     ffff80001e144fd0 0000003f
IDT=     000000001e191890 00000fff
CR0=80010033 CR2=0000000000000000 CR3=00000000009f5000 CR4=00000620
DR0=0000000000000000 DR1=0000000000000000 DR2=0000000000000000 DR3=0000000000000000 
DR6=00000000ffff0ff0 DR7=0000000000000400
CCS=0000000000000010 CCD=0000000000000212 CCO=EFLAGS
EFER=0000000000000d01
ahci: IRQ#0 level:1
ahci: IRQ#0 level:1
ahci: IRQ#0 level:1
ahci: IRQ#0 level:1
ahci: IRQ#0 level:1
ahci: IRQ#0 level:1
Servicing hardware INT=0x20
   112: v=20 e=0000 i=0 cpl=0 IP=0008:000000001e0483eb pc=000000001e0483eb SP=0010:ffff80000027ee28 env->regs[R_EAX]=0000000000000000
RAX=0000000000000000 RBX=0000000000000001 RCX=0000000000000000 RDX=0000000000000000
RSI=0000000000000000 RDI=0000000000000000 RBP=0000000000000000 RSP=ffff80000027ee28
R8 =0000000000000000 R9 =0000000000000000 R10=0000000000000004 R11=0000000000000000
R12=000000001e0a25f3 R13=0000000000000000 R14=ffff80000027ee68 R15=ffff80000027eee8
RIP=000000001e0483eb RFL=00000297 [--S-APC] CPL=0 II=0 A20=1 SMM=0 HLT=0
ES =001b 0000000000000000 ffffffff 00aff300 DPL=3 DS   [-WA]
CS =0008 0000000000000000 ffffffff 00af9a00 DPL=0 CS64 [-R-]
SS =0010 0000000000000000 ffffffff 00af9300 DPL=0 DS   [-WA]
DS =001b 0000000000000000 ffffffff 00aff300 DPL=3 DS   [-WA]
FS =0000 0000000000000000 ffffffff 00cf1300
GS =0000 ffff80001e1852a0 ffffffff 00cf1300
LDT=0000 0000000000000000 0000ffff 00008200 DPL=0 LDT
TR =0028 ffff80001e1b5070 00000067 00008900 DPL=0 TSS64-avl
GDT=     ffff80001e144f90 0000003f
IDT=     000000001e191890 00000fff
CR0=80010033 CR2=0000000000000000 CR3=0000000000002000 CR4=00000668
DR0=0000000000000000 DR1=0000000000000000 DR2=0000000000000000 DR3=0000000000000000 
DR6=00000000ffff0ff0 DR7=0000000000000400
CCS=0000000000000095 CCD=ffffffffffffffff CCO=EFLAGS
EFER=0000000000000d01
Servicing hardware INT=0x2d
   113: v=2d e=0000 i=0 cpl=0 IP=0008:000000001e0483eb pc=000000001e0483eb SP=0010:ffff80000027ee28 env->regs[R_EAX]=0000000000000000
RAX=0000000000000000 RBX=0000000000000001 RCX=0000000000000000 RDX=0000000000000000
RSI=0000000000000000 RDI=0000000000000000 RBP=0000000000000000 RSP=ffff80000027ee28
R8 =0000000000000000 R9 =0000000000000000 R10=0000000000000000 R11=0000000000000030
R12=000000001e0a25f3 R13=0000000000000000 R14=ffff80000027ee68 R15=ffff80000027eee8
RIP=000000001e0483eb RFL=00000297 [--S-APC] CPL=0 II=0 A20=1 SMM=0 HLT=0
ES =001b 0000000000000000 ffffffff 00aff300 DPL=3 DS   [-WA]
CS =0008 0000000000000000 ffffffff 00af9a00 DPL=0 CS64 [-R-]
SS =0010 0000000000000000 ffffffff 00af9300 DPL=0 DS   [-WA]
DS =001b 0000000000000000 ffffffff 00aff300 DPL=3 DS   [-WA]
FS =0000 0000000000000000 ffffffff 00cf1300
GS =0000 ffff80001e1852a0 ffffffff 00cf1300
LDT=0000 0000000000000000 0000ffff 00008200 DPL=0 LDT
TR =0028 ffff80001e1b5070 00000067 00008900 DPL=0 TSS64-avl
GDT=     ffff80001e144f90 0000003f
IDT=     000000001e191890 00000fff
CR0=80010033 CR2=0000000000000000 CR3=0000000000002000 CR4=00000668
DR0=0000000000000000 DR1=0000000000000000 DR2=0000000000000000 DR3=0000000000000000 
DR6=00000000ffff0ff0 DR7=0000000000000400
CCS=0000000000000095 CCD=ffffffffffffffff CCO=EFLAGS
EFER=0000000000000d01
Servicing hardware INT=0x20
   114: v=20 e=0000 i=0 cpl=3 IP=0023:00000000008009b1 pc=00000000008009b1 SP=001b:000000007fffff78 env->regs[R_EAX]=0000000000000008
RAX=0000000000000008 RBX=000000007fffff90 RCX=00000000000003fd RDX=0000000000000008
RSI=0000000000000008 RDI=000000000080186f RBP=00000000000001f4 RSP=000000007fffff78
R8 =0000000000000000 R9 =000000001e0a8717 R10=0000000000000038 R11=0000000000000008
R12=000000001e0a3614 R13=000000001e183318 R14=000000000080186f R15=0000000000000014
RIP=00000000008009b1 RFL=00000216 [----AP-] CPL=3 II=0 A20=1 SMM=0 HLT=0
ES =0000 0000000000000000 ffffffff 00af1300
CS =0023 0000000000000000 ffffffff 00affa00 DPL=3 CS64 [-R-]
SS =001b 0000000000000000 ffffffff 00aff200 DPL=3 DS   [-W-]
DS =0000 0000000000000000 ffffffff 00af1300
FS =0000 0000000000000000 ffffffff 00af1300
GS =0000 ffff80001e1852c0 ffffffff 00af1300
LDT=0000 0000000000000000 0000ffff 00008200 DPL=0 LDT
TR =0028 ffff80001e1b50d8 00000067 00008900 DPL=0 TSS64-avl
GDT=     ffff80001e144fd0 0000003f
IDT=     000000001e191890 00000fff
CR0=80010033 CR2=0000000000000000 CR3=00000000009f5000 CR4=00000620
DR0=0000000000000000 DR1=0000000000000000 DR2=0000000000000000 DR3=0000000000000000 
DR6=00000000ffff0ff0 DR7=0000000000000400
CCS=0000000000000014 CCD=0000000000000216 CCO=EFLAGS
EFER=0000000000000d01
Servicing hardware INT=0x20
   115: v=20 e=0000 i=0 cpl=3 IP=0023:000000000080086e pc=000000000080086e SP=001b:000000007ffffe58 env->regs[R_EAX]=fffffffffffffff7
RAX=fffffffffffffff7 RBX=000000007fffffc0 RCX=00000000000003fd RDX=0000000000000080
RSI=000000007ffffe90 RDI=0000000000000102 RBP=00000000000021b6 RSP=000000007ffffe58
R8 =0000000000000000 R9 =000000001e0a8717 R10=0000000000000038 R11=fffffffffffffff7
R12=fffffffffffffff7 R13=000000007ffffe8c R14=0000000000000102 R15=000000007ffffe90
RIP=000000000080086e RFL=00000202 [-------] CPL=3 II=0 A20=1 SMM=0 HLT=0
ES =0000 0000000000000000 ffffffff 00af1300
CS =0023 0000000000000000 ffffffff 00affa00 DPL=3 CS64 [-R-]
SS =001b 0000000000000000 ffffffff 00aff200 DPL=3 DS   [-W-]
DS =0000 0000000000000000 ffffffff 00af1300
FS =0000 0000000000000000 ffffffff 00af1300
GS =0000 ffff80001e1852c0 ffffffff 00af1300
LDT=0000 0000000000000000 0000ffff 00008200 DPL=0 LDT
TR =0028 ffff80001e1b50d8 00000067 00008900 DPL=0 TSS64-avl
GDT=     ffff80001e144fd0 0000003f
IDT=     000000001e191890 00000fff
CR0=80010033 CR2=0000000000000000 CR3=00000000009f5000 CR4=00000620
DR0=0000000000000000 DR1=0000000000000000 DR2=0000000000000000 DR3=0000000000000000 
DR6=00000000ffff0ff0 DR7=0000000000000400
CCS=0000000000000000 CCD=0000000000000202 CCO=EFLAGS
EFER=0000000000000d01
Servicing hardware INT=0x20
   116: v=20 e=0000 i=0 cpl=3 IP=0023:0000000000817f81 pc=0000000000817f81 SP=001b:000000007ffffc78 env->regs[R_EAX]=0000000020000000
RAX=0000000020000000 RBX=000000007ffffdb0 RCX=00000000000003fd RDX=0000000000000003
RSI=0000000000000000 RDI=0000000000000001 RBP=000000007ffffff0 RSP=000000007ffffc78
R8 =0000000000000001 R9 =0000000000000000 R10=0000000000000000 R11=0000000020000000
R12=0000000000000000 R13=0000000000000000 R14=0000000000000000 R15=0000000000000000
RIP=0000000000817f81 RFL=00000202 [-------] CPL=3 II=0 A20=1 SMM=0 HLT=0
ES =001b 0000000000000000 ffffffff 00aff300 DPL=3 DS   [-WA]
CS =0023 0000000000000000 ffffffff 00affa00 DPL=3 CS64 [-R-]
SS =001b 0000000000000000 ffffffff 00aff300 DPL=3 DS   [-WA]
DS =001b 0000000000000000 ffffffff 00aff300 DPL=3 DS   [-WA]
FS =0000 0000000000000000 ffffffff 00cf1300
GS =0000 ffff80001e1852a0 ffffffff 00cf1300
LDT=0000 0000000000000000 0000ffff 00008200 DPL=0 LDT
TR =0028 ffff80001e1b5070 00000067 00008900 DPL=0 TSS64-avl
GDT=     ffff80001e144f90 0000003f
IDT=     000000001e191890 00000fff
CR0=80010033 CR2=0000000000000000 CR3=00000000013f5000 CR4=00000668
DR0=0000000000000000 DR1=0000000000000000 DR2=0000000000000000 DR3=0000000000000000 
DR6=00000000ffff0ff0 DR7=0000000000000400
CCS=0000000000000000 CCD=0000000000000202 CCO=EFLAGS
EFER=0000000000000d01
ahci: IRQ#0 level:1
ahci: IRQ#0 level:1
ahci: IRQ#0 level:1
ahci: IRQ#0 level:1
ahci: IRQ#0 level:1
ahci: IRQ#0 level:1
ahci: IRQ#0 level:1
ahci: IRQ#0 level:1
ahci: IRQ#0 level:1
ahci: IRQ#0 level:1
ahci: IRQ#0 level:1
ahci: IRQ#0 level:1
ahci: IRQ#0 level:1
ahci: IRQ#0 level:1
ahci: IRQ#0 level:1
ahci: IRQ#0 level:1
ahci: IRQ#0 level:1
ahci: IRQ#0 level:1
ahci: IRQ#0 level:1
ahci: IRQ#0 level:1
ahci: IRQ#0 level:1
Servicing hardware INT=0x20
   117: v=20 e=0000 i=0 cpl=3 IP=0023:0000000000800854 pc=0000000000800854 SP=001b:000000007ffffe58 env->regs[R_EAX]=0000000000000000
RAX=0000000000000000 RBX=000000007fffffc0 RCX=00000000000003fd RDX=0000000000000080
RSI=000000007ffffe90 RDI=0000000000000102 RBP=0000000000001c3d RSP=000000007ffffe58
R8 =0000000000000000 R9 =000000001e0a8717 R10=0000000000000038 R11=0000000000000000
R12=fffffffffffffff7 R13=000000007ffffe8c R14=0000000000000102 R15=000000007ffffe90
RIP=0000000000800854 RFL=00000246 [---Z-P-] CPL=3 II=0 A20=1 SMM=0 HLT=0
ES =0000 0000000000000000 ffffffff 00af1300
CS =0023 0000000000000000 ffffffff 00affa00 DPL=3 CS64 [-R-]
SS =001b 0000000000000000 ffffffff 00aff200 DPL=3 DS   [-W-]
DS =0000 0000000000000000 ffffffff 00af1300
FS =0000 0000000000000000 ffffffff 00af1300
GS =0000 ffff80001e1852c0 ffffffff 00af1300
LDT=0000 0000000000000000 0000ffff 00008200 DPL=0 LDT
TR =0028 ffff80001e1b50d8 00000067 00008900 DPL=0 TSS64-avl
GDT=     ffff80001e144fd0 0000003f
IDT=     000000001e191890 00000fff
CR0=80010033 CR2=0000000000000000 CR3=00000000009f5000 CR4=00000620
DR0=0000000000000000 DR1=0000000000000000 DR2=0000000000000000 DR3=0000000000000000 
DR6=00000000ffff0ff0 DR7=0000000000000400
CCS=0000000000000044 CCD=0000000000000246 CCO=EFLAGS
EFER=0000000000000d01
Servicing hardware INT=0x20
   118: v=20 e=0000 i=0 cpl=3 IP=0023:000000000080334d pc=000000000080334d SP=001b:000000007fffcc78 env->regs[R_EAX]=0000000000000200
RAX=0000000000000200 RBX=000000007fffcca0 RCX=00000000000003fd RDX=000000000081a050
RSI=0000000000000001 RDI=0000000000000020 RBP=0000000000000001 RSP=000000007fffcc78
R8 =0000000000000200 R9 =0000000000000020 R10=0000000000000200 R11=0000000000000200
R12=0000000000000200 R13=000000007fffcca0 R14=000000000081a050 R15=0000000000000200
RIP=000000000080334d RFL=00000202 [-------] CPL=3 II=0 A20=1 SMM=0 HLT=0
ES =001b 0000000000000000 ffffffff 00aff300 DPL=3 DS   [-WA]
CS =0023 0000000000000000 ffffffff 00affa00 DPL=3 CS64 [-R-]
SS =001b 0000000000000000 ffffffff 00aff300 DPL=3 DS   [-WA]
DS =001b 0000000000000000 ffffffff 00aff300 DPL=3 DS   [-WA]
FS =0000 0000000000000000 ffffffff 00cf1300
GS =0000 ffff80001e1852a0 ffffffff 00cf1300
LDT=0000 0000000000000000 0000ffff 00008200 DPL=0 LDT
TR =0028 ffff80001e1b5070 00000067 00008900 DPL=0 TSS64-avl
GDT=     ffff80001e144f90 0000003f
IDT=     000000001e191890 00000fff
CR0=80010033 CR2=0000000000000000 CR3=000000000112a000 CR4=00000668
DR0=0000000000000000 DR1=0000000000000000 DR2=0000000000000000 DR3=0000000000000000 
DR6=00000000ffff0ff0 DR7=0000000000000400
CCS=0000000000000000 CCD=0000000000000202 CCO=EFLAGS
EFER=0000000000000d01
ahci: IRQ#0 level:1
ahci: IRQ#0 level:1
ahci: IRQ#0 level:1
ahci: IRQ#0 level:1
ahci: IRQ#0 level:1
ahci: IRQ#0 level:1
ahci: IRQ#0 level:1
ahci: IRQ#0 level:1
ahci: IRQ#0 level:1
ahci: IRQ#0 level:1
ahci: IRQ#0 level:1
ahci: IRQ#0 level:1
ahci: IRQ#0 level:1
ahci: IRQ#0 level:1
ahci: IRQ#0 level:1
ahci: IRQ#0 level:1
ahci: IRQ#0 level:1
Servicing hardware INT=0x20
   119: v=20 e=0000 i=0 cpl=3 IP=0023:0000000000800511 pc=0000000000800511 SP=001b:000000007fffffb8 env->regs[R_EAX]=0000000000000001
RAX=0000000000000001 RBX=000000007fffffc0 RCX=00000000000003fd RDX=0000000000000007
RSI=000000000000000c RDI=00000000008019c7 RBP=00000000000001f4 RSP=000000007fffffb8
R8 =0000000000000000 R9 =000000001e0a8717 R10=0000000000000038 R11=000000000000000a
R12=000000001e0a3614 R13=000000001e183318 R14=ffff800000b9d000 R15=0000000000000014
RIP=0000000000800511 RFL=00000216 [----AP-] CPL=3 II=0 A20=1 SMM=0 HLT=0
ES =001b 0000000000000000 ffffffff 00aff300 DPL=3 DS   [-WA]
CS =0023 0000000000000000 ffffffff 00affa00 DPL=3 CS64 [-R-]
SS =001b 0000000000000000 ffffffff 00aff300 DPL=3 DS   [-WA]
DS =001b 0000000000000000 ffffffff 00aff300 DPL=3 DS   [-WA]
FS =0000 0000000000000000 ffffffff 00cf1300
GS =0000 ffff80001e1852a0 ffffffff 00cf1300
LDT=0000 0000000000000000 0000ffff 00008200 DPL=0 LDT
TR =0028 ffff80001e1b5070 00000067 00008900 DPL=0 TSS64-avl
GDT=     ffff80001e144f90 0000003f
IDT=     000000001e191890 00000fff
CR0=80010033 CR2=0000000000000000 CR3=00000000009f5000 CR4=00000668
DR0=0000000000000000 DR1=0000000000000000 DR2=0000000000000000 DR3=0000000000000000 
DR6=00000000ffff0ff0 DR7=0000000000000400
CCS=0000000000000014 CCD=000000007fffffa0 CCO=EFLAGS
EFER=0000000000000d01
Servicing hardware INT=0x20
   120: v=20 e=0000 i=0 cpl=3 IP=0023:00000000008176dc pc=00000000008176dc SP=001b:000000007ffff660 env->regs[R_EAX]=00000000001c1412
RAX=00000000001c1412 RBX=0000000000000004 RCX=0000000000000320 RDX=000000000000007e
RSI=0000000000000046 RDI=0000000020800000 RBP=0000000014120000 RSP=000000007ffff660
R8 =0000000000c5b2aa R9 =00000000001c1412 R10=000000000000001c R11=0000000000000320
R12=0000000000000046 R13=0000000000018d0d R14=00000000000627b4 R15=0000000000000001
RIP=00000000008176dc RFL=00000246 [---Z-P-] CPL=3 II=0 A20=1 SMM=0 HLT=0
ES =0000 0000000000000000 ffffffff 00af1300
CS =0023 0000000000000000 ffffffff 00affa00 DPL=3 CS64 [-R-]
SS =001b 0000000000000000 ffffffff 00aff200 DPL=3 DS   [-W-]
DS =0000 0000000000000000 ffffffff 00af1300
FS =0000 0000000000000000 ffffffff 00af1300
GS =0000 ffff80001e1852c0 ffffffff 00af1300
LDT=0000 0000000000000000 0000ffff 00008200 DPL=0 LDT
TR =0028 ffff80001e1b50d8 00000067 00008900 DPL=0 TSS64-avl
GDT=     ffff80001e144fd0 0000003f
IDT=     000000001e191890 00000fff
CR0=80010033 CR2=0000000000000000 CR3=00000000013f5000 CR4=00000620
DR0=0000000000000000 DR1=0000000000000000 DR2=0000000000000000 DR3=0000000000000000 
DR6=00000000ffff0ff0 DR7=0000000000000400
CCS=0000000000000044 CCD=0000000000000000 CCO=EFLAGS
EFER=0000000000000d01
ahci: IRQ#0 level:1
ahci: IRQ#0 level:1
ahci: IRQ#0 level:1
ahci: IRQ#0 level:1
Servicing hardware INT=0x20
   121: v=20 e=0000 i=0 cpl=3 IP=0023:000000000081d7a6 pc=000000000081d7a6 SP=001b:000000007ffff710 env->regs[R_EAX]=00000000c0042680
RAX=00000000c0042680 RBX=0000000000000004 RCX=0000000000000000 RDX=0000000000000c80
RSI=0000000020843300 RDI=00000000c0043300 RBP=00000000000109a0 RSP=000000007ffff710
R8 =0000000000000000 R9 =000000007ffffdb0 R10=0000000000000000 R11=0000000000000199
R12=0000000000000320 R13=0000000000000c80 R14=0000000000000056 R15=00000000000109a0
RIP=000000000081d7a6 RFL=00000206 [-----P-] CPL=3 II=0 A20=1 SMM=0 HLT=0
ES =0000 0000000000000000 ffffffff 00af1300
CS =0023 0000000000000000 ffffffff 00affa00 DPL=3 CS64 [-R-]
SS =001b 0000000000000000 ffffffff 00aff200 DPL=3 DS   [-W-]
DS =0000 0000000000000000 ffffffff 00af1300
FS =0000 0000000000000000 ffffffff 00af1300
GS =0000 ffff80001e1852c0 ffffffff 00af1300
LDT=0000 0000000000000000 0000ffff 00008200 DPL=0 LDT
TR =0028 ffff80001e1b50d8 00000067 00008900 DPL=0 TSS64-avl
GDT=     ffff80001e144fd0 0000003f
IDT=     000000001e191890 00000fff
CR0=80010033 CR2=0000000000000000 CR3=00000000013f5000 CR4=00000620
DR0=0000000000000000 DR1=0000000000000000 DR2=0000000000000000 DR3=0000000000000000 
DR6=00000000ffff0ff0 DR7=0000000000000400
CCS=0000000000000004 CCD=0000000000000190 CCO=EFLAGS
EFER=0000000000000d01
Servicing hardware INT=0x20
   122: v=20 e=0000 i=0 cpl=3 IP=0023:0000000000800318 pc=0000000000800318 SP=001b:000000007fffe6a8 env->regs[R_EAX]=0000000000000000
RAX=0000000000000000 RBX=000000000000010e RCX=00000000000003fd RDX=0000200000020000
RSI=000000000000010e RDI=0000000000000045 RBP=000000007ffffff0 RSP=000000007fffe6a8
R8 =0000000000000000 R9 =0000000000000000 R10=0000000000000000 R11=0000000000000000
R12=00000000025d0000 R13=0000000000000000 R14=0000200000020000 R15=000000007fffe7b0
RIP=0000000000800318 RFL=00000202 [-------] CPL=3 II=0 A20=1 SMM=0 HLT=0
ES =001b 0000000000000000 ffffffff 00aff300 DPL=3 DS   [-WA]
CS =0023 0000000000000000 ffffffff 00affa00 DPL=3 CS64 [-R-]
SS =001b 0000000000000000 ffffffff 00aff300 DPL=3 DS   [-WA]
DS =001b 0000000000000000 ffffffff 00aff300 DPL=3 DS   [-WA]
FS =0000 0000000000000000 ffffffff 00cf1300
GS =0000 ffff80001e1852a0 ffffffff 00cf1300
LDT=0000 0000000000000000 0000ffff 00008200 DPL=0 LDT
TR =0028 ffff80001e1b5070 00000067 00008900 DPL=0 TSS64-avl
GDT=     ffff80001e144f90 0000003f
IDT=     000000001e191890 00000fff
CR0=80010033 CR2=0000000000000000 CR3=0000000000d66000 CR4=00000668
DR0=0000000000000000 DR1=0000000000000000 DR2=0000000000000000 DR3=0000000000000000 
DR6=00000000ffff0ff0 DR7=0000000000000400
CCS=0000000000000000 CCD=0000000000000202 CCO=EFLAGS
EFER=0000000000000d01
Servicing hardware INT=0x20
   123: v=20 e=0000 i=0 cpl=0 IP=0008:000000001e0483eb pc=000000001e0483eb SP=0010:ffff800000286e28 env->regs[R_EAX]=0000000000000000
RAX=0000000000000000 RBX=0000000000000001 RCX=0000000000000000 RDX=0000000000000000
RSI=0000000000000000 RDI=0000000000000000 RBP=0000000000000000 RSP=ffff800000286e28
R8 =0000000000000000 R9 =000000000000ffff R10=0000000000000000 R11=0000000000000008
R12=000000001e0a25f3 R13=0000000000000000 R14=ffff800000286e68 R15=ffff800000286ee8
RIP=000000001e0483eb RFL=00000297 [--S-APC] CPL=0 II=0 A20=1 SMM=0 HLT=0
ES =001b 0000000000000000 ffffffff 00aff300 DPL=3 DS   [-WA]
CS =0008 0000000000000000 ffffffff 00af9a00 DPL=0 CS64 [-R-]
SS =0010 0000000000000000 ffffffff 00af9300 DPL=0 DS   [-WA]
DS =001b 0000000000000000 ffffffff 00aff300 DPL=3 DS   [-WA]
FS =0000 0000000000000000 ffffffff 00af1300
GS =0000 ffff80001e1852c0 ffffffff 00af1300
LDT=0000 0000000000000000 0000ffff 00008200 DPL=0 LDT
TR =0028 ffff80001e1b50d8 00000067 00008900 DPL=0 TSS64-avl
GDT=     ffff80001e144fd0 0000003f
IDT=     000000001e191890 00000fff
CR0=80010033 CR2=0000000000000000 CR3=0000000000002000 CR4=00000620
DR0=0000000000000000 DR1=0000000000000000 DR2=0000000000000000 DR3=0000000000000000 
DR6=00000000ffff0ff0 DR7=0000000000000400
CCS=0000000000000095 CCD=ffffffffffffffff CCO=EFLAGS
EFER=0000000000000d01
Servicing hardware INT=0x20
   124: v=20 e=0000 i=0 cpl=3 IP=0023:0000000000804904 pc=0000000000804904 SP=001b:000000007ffe1528 env->regs[R_EAX]=0000000000000000
RAX=0000000000000000 RBX=0000000000000110 RCX=00000000000003fd RDX=0000000000000008
RSI=0000000000000014 RDI=000000000080b094 RBP=000000007ffffff0 RSP=000000007ffe1528
R8 =0000000000000000 R9 =0000000000000000 R10=000000000000001c R11=000000000000000a
R12=000000007ffe5748 R13=000000007ffe1738 R14=000000007ffebda0 R15=000000007ffe9758
RIP=0000000000804904 RFL=00000246 [---Z-P-] CPL=3 II=0 A20=1 SMM=0 HLT=0
ES =001b 0000000000000000 ffffffff 00aff300 DPL=3 DS   [-WA]
CS =0023 0000000000000000 ffffffff 00affa00 DPL=3 CS64 [-R-]
SS =001b 0000000000000000 ffffffff 00aff300 DPL=3 DS   [-WA]
DS =001b 0000000000000000 ffffffff 00aff300 DPL=3 DS   [-WA]
FS =0000 0000000000000000 ffffffff 00cf1300
GS =0000 ffff80001e1852a0 ffffffff 00cf1300
LDT=0000 0000000000000000 0000ffff 00008200 DPL=0 LDT
TR =0028 ffff80001e1b5070 00000067 00008900 DPL=0 TSS64-avl
GDT=     ffff80001e144f90 0000003f
IDT=     000000001e191890 00000fff
CR0=80010033 CR2=0000000000000000 CR3=000000000238e000 CR4=00000668
DR0=0000000000000000 DR1=0000000000000000 DR2=0000000000000000 DR3=0000000000000000 
DR6=00000000ffff0ff0 DR7=0000000000000400
CCS=0000000000000044 CCD=0000000000000246 CCO=EFLAGS
EFER=0000000000000d01
Servicing hardware INT=0x20
   125: v=20 e=0000 i=0 cpl=0 IP=0008:000000001e0483eb pc=000000001e0483eb SP=0010:ffff800000286e28 env->regs[R_EAX]=0000000000000000
RAX=0000000000000000 RBX=0000000000000001 RCX=0000000000000000 RDX=0000000000000000
RSI=0000000000000000 RDI=0000000000000000 RBP=0000000000000000 RSP=ffff800000286e28
R8 =0000000000000000 R9 =000000000000ffff R10=0000000000000000 R11=0000000000000018
R12=000000001e0a25f3 R13=0000000000000000 R14=ffff800000286e68 R15=ffff800000286ee8
RIP=000000001e0483eb RFL=00000297 [--S-APC] CPL=0 II=0 A20=1 SMM=0 HLT=0
ES =001b 0000000000000000 ffffffff 00aff300 DPL=3 DS   [-WA]
CS =0008 0000000000000000 ffffffff 00af9a00 DPL=0 CS64 [-R-]
SS =0010 0000000000000000 ffffffff 00af9300 DPL=0 DS   [-WA]
DS =001b 0000000000000000 ffffffff 00aff300 DPL=3 DS   [-WA]
FS =0000 0000000000000000 ffffffff 00af1300
GS =0000 ffff80001e1852c0 ffffffff 00af1300
LDT=0000 0000000000000000 0000ffff 00008200 DPL=0 LDT
TR =0028 ffff80001e1b50d8 00000067 00008900 DPL=0 TSS64-avl
GDT=     ffff80001e144fd0 0000003f
IDT=     000000001e191890 00000fff
CR0=80010033 CR2=0000000000000000 CR3=0000000000002000 CR4=00000620
DR0=0000000000000000 DR1=0000000000000000 DR2=0000000000000000 DR3=0000000000000000 
DR6=00000000ffff0ff0 DR7=0000000000000400
CCS=0000000000000095 CCD=ffffffffffffffff CCO=EFLAGS
EFER=0000000000000d01
Servicing hardware INT=0x20
   126: v=20 e=0000 i=0 cpl=0 IP=0008:000000001e0483eb pc=000000001e0483eb SP=0010:ffff80000027ee28 env->regs[R_EAX]=0000000000000000
RAX=0000000000000000 RBX=0000000000000001 RCX=0000000000000000 RDX=0000000000000000
RSI=0000000000000000 RDI=0000000000000000 RBP=0000000000000000 RSP=ffff80000027ee28
R8 =0000000000000000 R9 =0000000000000000 R10=0000000000000005 R11=0000000000000000
R12=000000001e0a25f3 R13=0000000000000000 R14=ffff80000027ee68 R15=ffff80000027eee8
RIP=000000001e0483eb RFL=00000297 [--S-APC] CPL=0 II=0 A20=1 SMM=0 HLT=0
ES =001b 0000000000000000 ffffffff 00aff300 DPL=3 DS   [-WA]
CS =0008 0000000000000000 ffffffff 00af9a00 DPL=0 CS64 [-R-]
SS =0010 0000000000000000 ffffffff 00af9300 DPL=0 DS   [-WA]
DS =001b 0000000000000000 ffffffff 00aff300 DPL=3 DS   [-WA]
FS =0000 0000000000000000 ffffffff 00cf1300
GS =0000 ffff80001e1852a0 ffffffff 00cf1300
LDT=0000 0000000000000000 0000ffff 00008200 DPL=0 LDT
TR =0028 ffff80001e1b5070 00000067 00008900 DPL=0 TSS64-avl
GDT=     ffff80001e144f90 0000003f
IDT=     000000001e191890 00000fff
CR0=80010033 CR2=0000000000000000 CR3=0000000000002000 CR4=00000668
DR0=0000000000000000 DR1=0000000000000000 DR2=0000000000000000 DR3=0000000000000000 
DR6=00000000ffff0ff0 DR7=0000000000000400
CCS=0000000000000095 CCD=ffffffffffffffff CCO=EFLAGS
EFER=0000000000000d01
Servicing hardware INT=0x2d
   127: v=2d e=0000 i=0 cpl=0 IP=0008:000000001e0483eb pc=000000001e0483eb SP=0010:ffff80000027ee28 env->regs[R_EAX]=0000000000000000
RAX=0000000000000000 RBX=0000000000000001 RCX=0000000000000000 RDX=0000000000000000
RSI=0000000000000000 RDI=0000000000000000 RBP=0000000000000000 RSP=ffff80000027ee28
R8 =0000000000000000 R9 =0000000000000000 R10=0000000000000005 R11=0000000000000000
R12=000000001e0a25f3 R13=0000000000000000 R14=ffff80000027ee68 R15=ffff80000027eee8
RIP=000000001e0483eb RFL=00010297 [--S-APC] CPL=0 II=0 A20=1 SMM=0 HLT=0
ES =001b 0000000000000000 ffffffff 00aff300 DPL=3 DS   [-WA]
CS =0008 0000000000000000 ffffffff 00af9a00 DPL=0 CS64 [-R-]
SS =0010 0000000000000000 ffffffff 00af9300 DPL=0 DS   [-WA]
DS =001b 0000000000000000 ffffffff 00aff300 DPL=3 DS   [-WA]
FS =0000 0000000000000000 ffffffff 00cf1300
GS =0000 ffff80001e1852a0 ffffffff 00cf1300
LDT=0000 0000000000000000 0000ffff 00008200 DPL=0 LDT
TR =0028 ffff80001e1b5070 00000067 00008900 DPL=0 TSS64-avl
GDT=     ffff80001e144f90 0000003f
IDT=     000000001e191890 00000fff
CR0=80010033 CR2=0000000000000000 CR3=0000000000002000 CR4=00000668
DR0=0000000000000000 DR1=0000000000000000 DR2=0000000000000000 DR3=0000000000000000 
DR6=00000000ffff0ff0 DR7=0000000000000400
CCS=0000000000000095 CCD=ffff80000027edf8 CCO=EFLAGS
EFER=0000000000000d01
Servicing hardware INT=0x2d
   128: v=2d e=0000 i=0 cpl=0 IP=0008:000000001e0483eb pc=000000001e0483eb SP=0010:ffff800000286e28 env->regs[R_EAX]=0000000000000000
RAX=0000000000000000 RBX=0000000000000001 RCX=0000000000000000 RDX=0000000000000000
RSI=0000000000000000 RDI=0000000000000000 RBP=0000000000000000 RSP=ffff800000286e28
R8 =0000000000000000 R9 =000000000000ffff R10=0000000000000000 R11=0000000000000018
R12=000000001e0a25f3 R13=0000000000000000 R14=ffff800000286e68 R15=ffff800000286ee8
RIP=000000001e0483eb RFL=00010297 [--S-APC] CPL=0 II=0 A20=1 SMM=0 HLT=0
ES =001b 0000000000000000 ffffffff 00aff300 DPL=3 DS   [-WA]
CS =0008 0000000000000000 ffffffff 00af9a00 DPL=0 CS64 [-R-]
SS =0010 0000000000000000 ffffffff 00af9300 DPL=0 DS   [-WA]
DS =001b 0000000000000000 ffffffff 00aff300 DPL=3 DS   [-WA]
FS =0000 0000000000000000 ffffffff 00af1300
GS =0000 ffff80001e1852c0 ffffffff 00af1300
LDT=0000 0000000000000000 0000ffff 00008200 DPL=0 LDT
TR =0028 ffff80001e1b50d8 00000067 00008900 DPL=0 TSS64-avl
GDT=     ffff80001e144fd0 0000003f
IDT=     000000001e191890 00000fff
CR0=80010033 CR2=0000000000000000 CR3=0000000000002000 CR4=00000620
DR0=0000000000000000 DR1=0000000000000000 DR2=0000000000000000 DR3=0000000000000000 
DR6=00000000ffff0ff0 DR7=0000000000000400
CCS=0000000000000095 CCD=ffff800000286df8 CCO=EFLAGS
EFER=0000000000000d01
Servicing hardware INT=0x20
   129: v=20 e=0000 i=0 cpl=0 IP=0008:000000001e0483eb pc=000000001e0483eb SP=0010:ffff80000027ee28 env->regs[R_EAX]=0000000000000000
RAX=0000000000000000 RBX=0000000000000001 RCX=0000000000000000 RDX=0000000000000000
RSI=0000000000000000 RDI=0000000000000000 RBP=0000000000000000 RSP=ffff80000027ee28
R8 =0000000000000000 R9 =000000000000ffff R10=0000000000000000 R11=0000000000000040
R12=000000001e0a25f3 R13=0000000000000000 R14=ffff80000027ee68 R15=ffff80000027eee8
RIP=000000001e0483eb RFL=00000297 [--S-APC] CPL=0 II=0 A20=1 SMM=0 HLT=0
ES =001b 0000000000000000 ffffffff 00aff300 DPL=3 DS   [-WA]
CS =0008 0000000000000000 ffffffff 00af9a00 DPL=0 CS64 [-R-]
SS =0010 0000000000000000 ffffffff 00af9300 DPL=0 DS   [-WA]
DS =001b 0000000000000000 ffffffff 00aff300 DPL=3 DS   [-WA]
FS =0000 0000000000000000 ffffffff 00cf1300
GS =0000 ffff80001e1852a0 ffffffff 00cf1300
LDT=0000 0000000000000000 0000ffff 00008200 DPL=0 LDT
TR =0028 ffff80001e1b5070 00000067 00008900 DPL=0 TSS64-avl
GDT=     ffff80001e144f90 0000003f
IDT=     000000001e191890 00000fff
CR0=80010033 CR2=0000000000000000 CR3=0000000000002000 CR4=00000668
DR0=0000000000000000 DR1=0000000000000000 DR2=0000000000000000 DR3=0000000000000000 
DR6=00000000ffff0ff0 DR7=0000000000000400
CCS=0000000000000095 CCD=ffffffffffffffff CCO=EFLAGS
EFER=0000000000000d01
Servicing hardware INT=0x20
   130: v=20 e=0000 i=0 cpl=0 IP=0008:000000001e0483eb pc=000000001e0483eb SP=0010:ffff800000286e28 env->regs[R_EAX]=0000000000000000
RAX=0000000000000000 RBX=0000000000000001 RCX=0000000000000000 RDX=0000000000000000
RSI=0000000000000000 RDI=0000000000000000 RBP=0000000000000000 RSP=ffff800000286e28
R8 =0000000000000000 R9 =000000000000ffff R10=0000000000000000 R11=0000000000000000
R12=000000001e0a25f3 R13=0000000000000000 R14=ffff800000286e68 R15=ffff800000286ee8
RIP=000000001e0483eb RFL=00000297 [--S-APC] CPL=0 II=0 A20=1 SMM=0 HLT=0
ES =001b 0000000000000000 ffffffff 00aff300 DPL=3 DS   [-WA]
CS =0008 0000000000000000 ffffffff 00af9a00 DPL=0 CS64 [-R-]
SS =0010 0000000000000000 ffffffff 00af9300 DPL=0 DS   [-WA]
DS =001b 0000000000000000 ffffffff 00aff300 DPL=3 DS   [-WA]
FS =0000 0000000000000000 ffffffff 00af1300
GS =0000 ffff80001e1852c0 ffffffff 00af1300
LDT=0000 0000000000000000 0000ffff 00008200 DPL=0 LDT
TR =0028 ffff80001e1b50d8 00000067 00008900 DPL=0 TSS64-avl
GDT=     ffff80001e144fd0 0000003f
IDT=     000000001e191890 00000fff
CR0=80010033 CR2=0000000000000000 CR3=0000000000002000 CR4=00000620
DR0=0000000000000000 DR1=0000000000000000 DR2=0000000000000000 DR3=0000000000000000 
DR6=00000000ffff0ff0 DR7=0000000000000400
CCS=0000000000000095 CCD=ffffffffffffffff CCO=EFLAGS
EFER=0000000000000d01
Servicing hardware INT=0x20
   131: v=20 e=0000 i=0 cpl=0 IP=0008:000000001e0483eb pc=000000001e0483eb SP=0010:ffff800000286e28 env->regs[R_EAX]=0000000000000000
RAX=0000000000000000 RBX=0000000000000001 RCX=0000000000000000 RDX=0000000000000000
RSI=0000000000000000 RDI=0000000000000000 RBP=0000000000000000 RSP=ffff800000286e28
R8 =0000000000000000 R9 =000000000000ffff R10=0000000000000000 R11=0000000000000008
R12=000000001e0a25f3 R13=0000000000000000 R14=ffff800000286e68 R15=ffff800000286ee8
RIP=000000001e0483eb RFL=00000297 [--S-APC] CPL=0 II=0 A20=1 SMM=0 HLT=0
ES =001b 0000000000000000 ffffffff 00aff300 DPL=3 DS   [-WA]
CS =0008 0000000000000000 ffffffff 00af9a00 DPL=0 CS64 [-R-]
SS =0010 0000000000000000 ffffffff 00af9300 DPL=0 DS   [-WA]
DS =001b 0000000000000000 ffffffff 00aff300 DPL=3 DS   [-WA]
FS =0000 0000000000000000 ffffffff 00af1300
GS =0000 ffff80001e1852c0 ffffffff 00af1300
LDT=0000 0000000000000000 0000ffff 00008200 DPL=0 LDT
TR =0028 ffff80001e1b50d8 00000067 00008900 DPL=0 TSS64-avl
GDT=     ffff80001e144fd0 0000003f
IDT=     000000001e191890 00000fff
CR0=80010033 CR2=0000000000000000 CR3=0000000000002000 CR4=00000620
DR0=0000000000000000 DR1=0000000000000000 DR2=0000000000000000 DR3=0000000000000000 
DR6=00000000ffff0ff0 DR7=0000000000000400
CCS=0000000000000095 CCD=ffffffffffffffff CCO=EFLAGS
EFER=0000000000000d01
Servicing hardware INT=0x20
   132: v=20 e=0000 i=0 cpl=0 IP=0008:000000001e0483eb pc=000000001e0483eb SP=0010:ffff80000027ee28 env->regs[R_EAX]=0000000000000000
RAX=0000000000000000 RBX=0000000000000001 RCX=0000000000000000 RDX=0000000000000000
RSI=0000000000000000 RDI=0000000000000000 RBP=0000000000000000 RSP=ffff80000027ee28
R8 =0000000000000000 R9 =000000000000ffff R10=0000000000000000 R11=0000000000000018
R12=000000001e0a25f3 R13=0000000000000000 R14=ffff80000027ee68 R15=ffff80000027eee8
RIP=000000001e0483eb RFL=00000297 [--S-APC] CPL=0 II=0 A20=1 SMM=0 HLT=0
ES =001b 0000000000000000 ffffffff 00aff300 DPL=3 DS   [-WA]
CS =0008 0000000000000000 ffffffff 00af9a00 DPL=0 CS64 [-R-]
SS =0010 0000000000000000 ffffffff 00af9300 DPL=0 DS   [-WA]
DS =001b 0000000000000000 ffffffff 00aff300 DPL=3 DS   [-WA]
FS =0000 0000000000000000 ffffffff 00cf1300
GS =0000 ffff80001e1852a0 ffffffff 00cf1300
LDT=0000 0000000000000000 0000ffff 00008200 DPL=0 LDT
TR =0028 ffff80001e1b5070 00000067 00008900 DPL=0 TSS64-avl
GDT=     ffff80001e144f90 0000003f
IDT=     000000001e191890 00000fff
CR0=80010033 CR2=0000000000000000 CR3=0000000000002000 CR4=00000668
DR0=0000000000000000 DR1=0000000000000000 DR2=0000000000000000 DR3=0000000000000000 
DR6=00000000ffff0ff0 DR7=0000000000000400
CCS=0000000000000095 CCD=ffffffffffffffff CCO=EFLAGS
EFER=0000000000000d01
Servicing hardware INT=0x2d
   133: v=2d e=0000 i=0 cpl=0 IP=0008:000000001e0483eb pc=000000001e0483eb SP=0010:ffff800000286e28 env->regs[R_EAX]=0000000000000000
RAX=0000000000000000 RBX=0000000000000001 RCX=0000000000000000 RDX=0000000000000000
RSI=0000000000000000 RDI=0000000000000000 RBP=0000000000000000 RSP=ffff800000286e28
R8 =0000000000000000 R9 =000000000000ffff R10=0000000000000000 R11=0000000000000008
R12=000000001e0a25f3 R13=0000000000000000 R14=ffff800000286e68 R15=ffff800000286ee8
RIP=000000001e0483eb RFL=00010297 [--S-APC] CPL=0 II=0 A20=1 SMM=0 HLT=0
ES =001b 0000000000000000 ffffffff 00aff300 DPL=3 DS   [-WA]
CS =0008 0000000000000000 ffffffff 00af9a00 DPL=0 CS64 [-R-]
SS =0010 0000000000000000 ffffffff 00af9300 DPL=0 DS   [-WA]
DS =001b 0000000000000000 ffffffff 00aff300 DPL=3 DS   [-WA]
FS =0000 0000000000000000 ffffffff 00af1300
GS =0000 ffff80001e1852c0 ffffffff 00af1300
LDT=0000 0000000000000000 0000ffff 00008200 DPL=0 LDT
TR =0028 ffff80001e1b50d8 00000067 00008900 DPL=0 TSS64-avl
GDT=     ffff80001e144fd0 0000003f
IDT=     000000001e191890 00000fff
CR0=80010033 CR2=0000000000000000 CR3=0000000000002000 CR4=00000620
DR0=0000000000000000 DR1=0000000000000000 DR2=0000000000000000 DR3=0000000000000000 
DR6=00000000ffff0ff0 DR7=0000000000000400
CCS=0000000000000095 CCD=ffff800000286df8 CCO=EFLAGS
EFER=0000000000000d01
Servicing hardware INT=0x2d
   134: v=2d e=0000 i=0 cpl=0 IP=0008:000000001e0483eb pc=000000001e0483eb SP=0010:ffff80000027ee28 env->regs[R_EAX]=0000000000000000
RAX=0000000000000000 RBX=0000000000000001 RCX=0000000000000000 RDX=0000000000000000
RSI=0000000000000000 RDI=0000000000000000 RBP=0000000000000000 RSP=ffff80000027ee28
R8 =0000000000000000 R9 =000000000000ffff R10=0000000000000000 R11=0000000000000018
R12=000000001e0a25f3 R13=0000000000000000 R14=ffff80000027ee68 R15=ffff80000027eee8
RIP=000000001e0483eb RFL=00010297 [--S-APC] CPL=0 II=0 A20=1 SMM=0 HLT=0
ES =001b 0000000000000000 ffffffff 00aff300 DPL=3 DS   [-WA]
CS =0008 0000000000000000 ffffffff 00af9a00 DPL=0 CS64 [-R-]
SS =0010 0000000000000000 ffffffff 00af9300 DPL=0 DS   [-WA]
DS =001b 0000000000000000 ffffffff 00aff300 DPL=3 DS   [-WA]
FS =0000 0000000000000000 ffffffff 00cf1300
GS =0000 ffff80001e1852a0 ffffffff 00cf1300
LDT=0000 0000000000000000 0000ffff 00008200 DPL=0 LDT
TR =0028 ffff80001e1b5070 00000067 00008900 DPL=0 TSS64-avl
GDT=     ffff80001e144f90 0000003f
IDT=     000000001e191890 00000fff
CR0=80010033 CR2=0000000000000000 CR3=0000000000002000 CR4=00000668
DR0=0000000000000000 DR1=0000000000000000 DR2=0000000000000000 DR3=0000000000000000 
DR6=00000000ffff0ff0 DR7=0000000000000400
CCS=0000000000000095 CCD=ffff80000027edf8 CCO=EFLAGS
EFER=0000000000000d01
Servicing hardware INT=0x20
   135: v=20 e=0000 i=0 cpl=0 IP=0008:000000001e0483eb pc=000000001e0483eb SP=0010:ffff800000286e28 env->regs[R_EAX]=0000000000000000
RAX=0000000000000000 RBX=0000000000000001 RCX=0000000000000000 RDX=0000000000000000
RSI=0000000000000000 RDI=0000000000000000 RBP=0000000000000000 RSP=ffff800000286e28
R8 =0000000000000000 R9 =000000000000ffff R10=0000000000000000 R11=0000000000000000
R12=000000001e0a25f3 R13=0000000000000000 R14=ffff800000286e68 R15=ffff800000286ee8
RIP=000000001e0483eb RFL=00000297 [--S-APC] CPL=0 II=0 A20=1 SMM=0 HLT=0
ES =001b 0000000000000000 ffffffff 00aff300 DPL=3 DS   [-WA]
CS =0008 0000000000000000 ffffffff 00af9a00 DPL=0 CS64 [-R-]
SS =0010 0000000000000000 ffffffff 00af9300 DPL=0 DS   [-WA]
DS =001b 0000000000000000 ffffffff 00aff300 DPL=3 DS   [-WA]
FS =0000 0000000000000000 ffffffff 00af1300
GS =0000 ffff80001e1852c0 ffffffff 00af1300
LDT=0000 0000000000000000 0000ffff 00008200 DPL=0 LDT
TR =0028 ffff80001e1b50d8 00000067 00008900 DPL=0 TSS64-avl
GDT=     ffff80001e144fd0 0000003f
IDT=     000000001e191890 00000fff
CR0=80010033 CR2=0000000000000000 CR3=0000000000002000 CR4=00000620
DR0=0000000000000000 DR1=0000000000000000 DR2=0000000000000000 DR3=0000000000000000 
DR6=00000000ffff0ff0 DR7=0000000000000400
CCS=0000000000000095 CCD=ffffffffffffffff CCO=EFLAGS
EFER=0000000000000d01
Servicing hardware INT=0x20
   136: v=20 e=0000 i=0 cpl=0 IP=0008:000000001e0483eb pc=000000001e0483eb SP=0010:ffff80000027ee28 env->regs[R_EAX]=0000000000000000
RAX=0000000000000000 RBX=0000000000000001 RCX=0000000000000000 RDX=0000000000000000
RSI=0000000000000000 RDI=0000000000000000 RBP=0000000000000000 RSP=ffff80000027ee28
R8 =0000000000000000 R9 =000000000000ffff R10=0000000000000000 R11=0000000000000008
R12=000000001e0a25f3 R13=0000000000000000 R14=ffff80000027ee68 R15=ffff80000027eee8
RIP=000000001e0483eb RFL=00000297 [--S-APC] CPL=0 II=0 A20=1 SMM=0 HLT=0
ES =001b 0000000000000000 ffffffff 00aff300 DPL=3 DS   [-WA]
CS =0008 0000000000000000 ffffffff 00af9a00 DPL=0 CS64 [-R-]
SS =0010 0000000000000000 ffffffff 00af9300 DPL=0 DS   [-WA]
DS =001b 0000000000000000 ffffffff 00aff300 DPL=3 DS   [-WA]
FS =0000 0000000000000000 ffffffff 00cf1300
GS =0000 ffff80001e1852a0 ffffffff 00cf1300
LDT=0000 0000000000000000 0000ffff 00008200 DPL=0 LDT
TR =0028 ffff80001e1b5070 00000067 00008900 DPL=0 TSS64-avl
GDT=     ffff80001e144f90 0000003f
IDT=     000000001e191890 00000fff
CR0=80010033 CR2=0000000000000000 CR3=0000000000002000 CR4=00000668
DR0=0000000000000000 DR1=0000000000000000 DR2=0000000000000000 DR3=0000000000000000 
DR6=00000000ffff0ff0 DR7=0000000000000400
CCS=0000000000000095 CCD=ffffffffffffffff CCO=EFLAGS
EFER=0000000000000d01
Servicing hardware INT=0x2d
   137: v=2d e=0000 i=0 cpl=0 IP=0008:000000001e0483eb pc=000000001e0483eb SP=0010:ffff800000286e28 env->regs[R_EAX]=0000000000000000
RAX=0000000000000000 RBX=0000000000000001 RCX=0000000000000000 RDX=0000000000000000
RSI=0000000000000000 RDI=0000000000000000 RBP=0000000000000000 RSP=ffff800000286e28
R8 =0000000000000000 R9 =000000000000ffff R10=0000000000000000 R11=0000000000000000
R12=000000001e0a25f3 R13=0000000000000000 R14=ffff800000286e68 R15=ffff800000286ee8
RIP=000000001e0483eb RFL=00010297 [--S-APC] CPL=0 II=0 A20=1 SMM=0 HLT=0
ES =001b 0000000000000000 ffffffff 00aff300 DPL=3 DS   [-WA]
CS =0008 0000000000000000 ffffffff 00af9a00 DPL=0 CS64 [-R-]
SS =0010 0000000000000000 ffffffff 00af9300 DPL=0 DS   [-WA]
DS =001b 0000000000000000 ffffffff 00aff300 DPL=3 DS   [-WA]
FS =0000 0000000000000000 ffffffff 00af1300
GS =0000 ffff80001e1852c0 ffffffff 00af1300
LDT=0000 0000000000000000 0000ffff 00008200 DPL=0 LDT
TR =0028 ffff80001e1b50d8 00000067 00008900 DPL=0 TSS64-avl
GDT=     ffff80001e144fd0 0000003f
IDT=     000000001e191890 00000fff
CR0=80010033 CR2=0000000000000000 CR3=0000000000002000 CR4=00000620
DR0=0000000000000000 DR1=0000000000000000 DR2=0000000000000000 DR3=0000000000000000 
DR6=00000000ffff0ff0 DR7=0000000000000400
CCS=0000000000000095 CCD=ffff800000286df8 CCO=EFLAGS
EFER=0000000000000d01
Servicing hardware INT=0x2d
   138: v=2d e=0000 i=0 cpl=0 IP=0008:000000001e076f6f pc=000000001e076f6f SP=0010:ffff800000286990 env->regs[R_EAX]=ffff800000286a58
RAX=ffff800000286a58 RBX=000000001e0b1368 RCX=000000001e185498 RDX=000000001e0a78a3
RSI=ffff800000286af0 RDI=000000001e185498 RBP=0000000000000000 RSP=ffff800000286990
R8 =0000000000000001 R9 =ffff800000286af0 R10=0000000000000000 R11=0000000000000028
R12=000000001e0a78a3 R13=000000001e076f6f R14=ffff8000002869b8 R15=000000001e0a78a4
RIP=000000001e076f6f RFL=00000202 [-------] CPL=0 II=0 A20=1 SMM=0 HLT=0
ES =001b 0000000000000000 ffffffff 00aff300 DPL=3 DS   [-WA]
CS =0008 0000000000000000 ffffffff 00af9a00 DPL=0 CS64 [-R-]
SS =0010 0000000000000000 ffffffff 00af9300 DPL=0 DS   [-WA]
DS =001b 0000000000000000 ffffffff 00aff300 DPL=3 DS   [-WA]
FS =0000 0000000000000000 ffffffff 00af1300
GS =0000 ffff80001e1852c0 ffffffff 00af1300
LDT=0000 0000000000000000 0000ffff 00008200 DPL=0 LDT
TR =0028 ffff80001e1b50d8 00000067 00008900 DPL=0 TSS64-avl
GDT=     ffff80001e144fd0 0000003f
IDT=     000000001e191890 00000fff
CR0=80010033 CR2=0000000000000000 CR3=0000000000002000 CR4=00000620
DR0=0000000000000000 DR1=0000000000000000 DR2=0000000000000000 DR3=0000000000000000 
DR6=00000000ffff0ff0 DR7=0000000000000400
CCS=0000000000000000 CCD=0000000000000001 CCO=EFLAGS
EFER=0000000000000d01
Servicing hardware INT=0x2d
   139: v=2d e=0000 i=0 cpl=0 IP=0008:000000001e0483eb pc=000000001e0483eb SP=0010:ffff80000027ee28 env->regs[R_EAX]=0000000000000000
RAX=0000000000000000 RBX=0000000000000001 RCX=0000000000000000 RDX=0000000000000000
RSI=0000000000000000 RDI=0000000000000000 RBP=0000000000000000 RSP=ffff80000027ee28
R8 =0000000000000000 R9 =000000000000ffff R10=0000000000000000 R11=0000000000000008
R12=000000001e0a25f3 R13=0000000000000000 R14=ffff80000027ee68 R15=ffff80000027eee8
RIP=000000001e0483eb RFL=00010297 [--S-APC] CPL=0 II=0 A20=1 SMM=0 HLT=0
ES =001b 0000000000000000 ffffffff 00aff300 DPL=3 DS   [-WA]
CS =0008 0000000000000000 ffffffff 00af9a00 DPL=0 CS64 [-R-]
SS =0010 0000000000000000 ffffffff 00af9300 DPL=0 DS   [-WA]
DS =001b 0000000000000000 ffffffff 00aff300 DPL=3 DS   [-WA]
FS =0000 0000000000000000 ffffffff 00cf1300
GS =0000 ffff80001e1852a0 ffffffff 00cf1300
LDT=0000 0000000000000000 0000ffff 00008200 DPL=0 LDT
TR =0028 ffff80001e1b5070 00000067 00008900 DPL=0 TSS64-avl
GDT=     ffff80001e144f90 0000003f
IDT=     000000001e191890 00000fff
CR0=80010033 CR2=0000000000000000 CR3=0000000000002000 CR4=00000668
DR0=0000000000000000 DR1=0000000000000000 DR2=0000000000000000 DR3=0000000000000000 
DR6=00000000ffff0ff0 DR7=0000000000000400
CCS=0000000000000095 CCD=ffff80000027edf8 CCO=EFLAGS
EFER=0000000000000d01
Servicing hardware INT=0x20
   140: v=20 e=0000 i=0 cpl=0 IP=0008:000000001e0483eb pc=000000001e0483eb SP=0010:ffff80000027ee28 env->regs[R_EAX]=0000000000000000
RAX=0000000000000000 RBX=0000000000000001 RCX=0000000000000000 RDX=0000000000000000
RSI=0000000000000000 RDI=0000000000000000 RBP=0000000000000000 RSP=ffff80000027ee28
R8 =0000000000000000 R9 =000000000000ffff R10=0000000000000000 R11=0000000000000000
R12=000000001e0a25f3 R13=0000000000000000 R14=ffff80000027ee68 R15=ffff80000027eee8
RIP=000000001e0483eb RFL=00000297 [--S-APC] CPL=0 II=0 A20=1 SMM=0 HLT=0
ES =001b 0000000000000000 ffffffff 00aff300 DPL=3 DS   [-WA]
CS =0008 0000000000000000 ffffffff 00af9a00 DPL=0 CS64 [-R-]
SS =0010 0000000000000000 ffffffff 00af9300 DPL=0 DS   [-WA]
DS =001b 0000000000000000 ffffffff 00aff300 DPL=3 DS   [-WA]
FS =0000 0000000000000000 ffffffff 00cf1300
GS =0000 ffff80001e1852a0 ffffffff 00cf1300
LDT=0000 0000000000000000 0000ffff 00008200 DPL=0 LDT
TR =0028 ffff80001e1b5070 00000067 00008900 DPL=0 TSS64-avl
GDT=     ffff80001e144f90 0000003f
IDT=     000000001e191890 00000fff
CR0=80010033 CR2=0000000000000000 CR3=0000000000002000 CR4=00000668
DR0=0000000000000000 DR1=0000000000000000 DR2=0000000000000000 DR3=0000000000000000 
DR6=00000000ffff0ff0 DR7=0000000000000400
CCS=0000000000000095 CCD=ffffffffffffffff CCO=EFLAGS
EFER=0000000000000d01
Servicing hardware INT=0x20
   141: v=20 e=0000 i=0 cpl=0 IP=0008:000000001e0483eb pc=000000001e0483eb SP=0010:ffff800000286e28 env->regs[R_EAX]=0000000000000000
RAX=0000000000000000 RBX=0000000000000001 RCX=0000000000000000 RDX=0000000000000000
RSI=0000000000000000 RDI=0000000000000000 RBP=0000000000000000 RSP=ffff800000286e28
R8 =0000000000000000 R9 =000000000000ffff R10=0000000000000000 R11=0000000000000028
R12=000000001e0a25f3 R13=0000000000000000 R14=ffff800000286e68 R15=ffff800000286ee8
RIP=000000001e0483eb RFL=00000297 [--S-APC] CPL=0 II=0 A20=1 SMM=0 HLT=0
ES =001b 0000000000000000 ffffffff 00aff300 DPL=3 DS   [-WA]
CS =0008 0000000000000000 ffffffff 00af9a00 DPL=0 CS64 [-R-]
SS =0010 0000000000000000 ffffffff 00af9300 DPL=0 DS   [-WA]
DS =001b 0000000000000000 ffffffff 00aff300 DPL=3 DS   [-WA]
FS =0000 0000000000000000 ffffffff 00af1300
GS =0000 ffff80001e1852c0 ffffffff 00af1300
LDT=0000 0000000000000000 0000ffff 00008200 DPL=0 LDT
TR =0028 ffff80001e1b50d8 00000067 00008900 DPL=0 TSS64-avl
GDT=     ffff80001e144fd0 0000003f
IDT=     000000001e191890 00000fff
CR0=80010033 CR2=0000000000000000 CR3=0000000000002000 CR4=00000620
DR0=0000000000000000 DR1=0000000000000000 DR2=0000000000000000 DR3=0000000000000000 
DR6=00000000ffff0ff0 DR7=0000000000000400
CCS=0000000000000095 CCD=ffffffffffffffff CCO=EFLAGS
EFER=0000000000000d01
Servicing hardware INT=0x2d
   142: v=2d e=0000 i=0 cpl=0 IP=0008:000000001e049800 pc=000000001e049800 SP=0010:ffff80000027ebc8 env->regs[R_EAX]=0000000000000001
RAX=0000000000000001 RBX=0000000000000001 RCX=000000000000000a RDX=000000000000000a
RSI=ffff80000027ed90 RDI=ffff80000027ed90 RBP=0000000000000001 RSP=ffff80000027ebc8
R8 =ffff8000021535b8 R9 =0000000000000000 R10=fffffffffffffffc R11=0000000000000000
R12=ffff800000270e00 R13=0000000000000000 R14=0000000000000001 R15=ffff80000027eee8
RIP=000000001e049800 RFL=00000202 [-------] CPL=0 II=0 A20=1 SMM=0 HLT=0
ES =001b 0000000000000000 ffffffff 00aff300 DPL=3 DS   [-WA]
CS =0008 0000000000000000 ffffffff 00af9a00 DPL=0 CS64 [-R-]
SS =0010 0000000000000000 ffffffff 00af9300 DPL=0 DS   [-WA]
DS =001b 0000000000000000 ffffffff 00aff300 DPL=3 DS   [-WA]
FS =0000 0000000000000000 ffffffff 00cf1300
GS =0000 ffff80001e1852a0 ffffffff 00cf1300
LDT=0000 0000000000000000 0000ffff 00008200 DPL=0 LDT
TR =0028 ffff80001e1b5070 00000067 00008900 DPL=0 TSS64-avl
GDT=     ffff80001e144f90 0000003f
IDT=     000000001e191890 00000fff
CR0=80010033 CR2=0000000000000000 CR3=0000000000002000 CR4=00000668
DR0=0000000000000000 DR1=0000000000000000 DR2=0000000000000000 DR3=0000000000000000 
DR6=00000000ffff0ff0 DR7=0000000000000400
CCS=0000000000000000 CCD=0000000000000001 CCO=EFLAGS
EFER=0000000000000d01
Servicing hardware INT=0x20
   143: v=20 e=0000 i=0 cpl=0 IP=0008:000000001e0483eb pc=000000001e0483eb SP=0010:ffff800000286e28 env->regs[R_EAX]=0000000000000000
RAX=0000000000000000 RBX=0000000000000001 RCX=0000000000000000 RDX=0000000000000000
RSI=0000000000000000 RDI=0000000000000000 RBP=0000000000000000 RSP=ffff800000286e28
R8 =0000000000000000 R9 =000000000000ffff R10=0000000000000000 R11=0000000000000000
R12=000000001e0a25f3 R13=0000000000000000 R14=ffff800000286e68 R15=ffff800000286ee8
RIP=000000001e0483eb RFL=00000297 [--S-APC] CPL=0 II=0 A20=1 SMM=0 HLT=0
ES =001b 0000000000000000 ffffffff 00aff300 DPL=3 DS   [-WA]
CS =0008 0000000000000000 ffffffff 00af9a00 DPL=0 CS64 [-R-]
SS =0010 0000000000000000 ffffffff 00af9300 DPL=0 DS   [-WA]
DS =001b 0000000000000000 ffffffff 00aff300 DPL=3 DS   [-WA]
FS =0000 0000000000000000 ffffffff 00af1300
GS =0000 ffff80001e1852c0 ffffffff 00af1300
LDT=0000 0000000000000000 0000ffff 00008200 DPL=0 LDT
TR =0028 ffff80001e1b50d8 00000067 00008900 DPL=0 TSS64-avl
GDT=     ffff80001e144fd0 0000003f
IDT=     000000001e191890 00000fff
CR0=80010033 CR2=0000000000000000 CR3=0000000000002000 CR4=00000620
DR0=0000000000000000 DR1=0000000000000000 DR2=0000000000000000 DR3=0000000000000000 
DR6=00000000ffff0ff0 DR7=0000000000000400
CCS=0000000000000095 CCD=ffffffffffffffff CCO=EFLAGS
EFER=0000000000000d01
Servicing hardware INT=0x2d
   144: v=2d e=0000 i=0 cpl=0 IP=0008:000000001e0483eb pc=000000001e0483eb SP=0010:ffff80000027ee28 env->regs[R_EAX]=0000000000000000
RAX=0000000000000000 RBX=0000000000000001 RCX=0000000000000000 RDX=0000000000000000
RSI=0000000000000000 RDI=0000000000000000 RBP=0000000000000000 RSP=ffff80000027ee28
R8 =0000000000000000 R9 =000000000000ffff R10=0000000000000000 R11=0000000000000008
R12=000000001e0a25f3 R13=0000000000000000 R14=ffff80000027ee68 R15=ffff80000027eee8
RIP=000000001e0483eb RFL=00000297 [--S-APC] CPL=0 II=0 A20=1 SMM=0 HLT=0
ES =001b 0000000000000000 ffffffff 00aff300 DPL=3 DS   [-WA]
CS =0008 0000000000000000 ffffffff 00af9a00 DPL=0 CS64 [-R-]
SS =0010 0000000000000000 ffffffff 00af9300 DPL=0 DS   [-WA]
DS =001b 0000000000000000 ffffffff 00aff300 DPL=3 DS   [-WA]
FS =0000 0000000000000000 ffffffff 00cf1300
GS =0000 ffff80001e1852a0 ffffffff 00cf1300
LDT=0000 0000000000000000 0000ffff 00008200 DPL=0 LDT
TR =0028 ffff80001e1b5070 00000067 00008900 DPL=0 TSS64-avl
GDT=     ffff80001e144f90 0000003f
IDT=     000000001e191890 00000fff
CR0=80010033 CR2=0000000000000000 CR3=0000000000002000 CR4=00000668
DR0=0000000000000000 DR1=0000000000000000 DR2=0000000000000000 DR3=0000000000000000 
DR6=00000000ffff0ff0 DR7=0000000000000400
CCS=0000000000000095 CCD=ffffffffffffffff CCO=EFLAGS
EFER=0000000000000d01
Servicing hardware INT=0x20
   145: v=20 e=0000 i=0 cpl=0 IP=0008:000000001e0483eb pc=000000001e0483eb SP=0010:ffff80000027ee28 env->regs[R_EAX]=0000000000000000
RAX=0000000000000000 RBX=0000000000000001 RCX=0000000000000000 RDX=0000000000000000
RSI=0000000000000000 RDI=0000000000000000 RBP=0000000000000000 RSP=ffff80000027ee28
R8 =0000000000000000 R9 =000000000000ffff R10=0000000000000000 R11=0000000000000008
R12=000000001e0a25f3 R13=0000000000000000 R14=ffff80000027ee68 R15=ffff80000027eee8
RIP=000000001e0483eb RFL=00010297 [--S-APC] CPL=0 II=0 A20=1 SMM=0 HLT=0
ES =001b 0000000000000000 ffffffff 00aff300 DPL=3 DS   [-WA]
CS =0008 0000000000000000 ffffffff 00af9a00 DPL=0 CS64 [-R-]
SS =0010 0000000000000000 ffffffff 00af9300 DPL=0 DS   [-WA]
DS =001b 0000000000000000 ffffffff 00aff300 DPL=3 DS   [-WA]
FS =0000 0000000000000000 ffffffff 00cf1300
GS =0000 ffff80001e1852a0 ffffffff 00cf1300
LDT=0000 0000000000000000 0000ffff 00008200 DPL=0 LDT
TR =0028 ffff80001e1b5070 00000067 00008900 DPL=0 TSS64-avl
GDT=     ffff80001e144f90 0000003f
IDT=     000000001e191890 00000fff
CR0=80010033 CR2=0000000000000000 CR3=0000000000002000 CR4=00000668
DR0=0000000000000000 DR1=0000000000000000 DR2=0000000000000000 DR3=0000000000000000 
DR6=00000000ffff0ff0 DR7=0000000000000400
CCS=0000000000000095 CCD=ffff80000027edf8 CCO=EFLAGS
EFER=0000000000000d01
Servicing hardware INT=0x20
   146: v=20 e=0000 i=0 cpl=0 IP=0008:000000001e0483eb pc=000000001e0483eb SP=0010:ffff800000286e28 env->regs[R_EAX]=0000000000000000
RAX=0000000000000000 RBX=0000000000000001 RCX=0000000000000000 RDX=0000000000000000
RSI=0000000000000000 RDI=0000000000000000 RBP=0000000000000000 RSP=ffff800000286e28
R8 =0000000000000000 R9 =000000000000ffff R10=0000000000000000 R11=0000000000000008
R12=000000001e0a25f3 R13=0000000000000000 R14=ffff800000286e68 R15=ffff800000286ee8
RIP=000000001e0483eb RFL=00000297 [--S-APC] CPL=0 II=0 A20=1 SMM=0 HLT=0
ES =001b 0000000000000000 ffffffff 00aff300 DPL=3 DS   [-WA]
CS =0008 0000000000000000 ffffffff 00af9a00 DPL=0 CS64 [-R-]
SS =0010 0000000000000000 ffffffff 00af9300 DPL=0 DS   [-WA]
DS =001b 0000000000000000 ffffffff 00aff300 DPL=3 DS   [-WA]
FS =0000 0000000000000000 ffffffff 00af1300
GS =0000 ffff80001e1852c0 ffffffff 00af1300
LDT=0000 0000000000000000 0000ffff 00008200 DPL=0 LDT
TR =0028 ffff80001e1b50d8 00000067 00008900 DPL=0 TSS64-avl
GDT=     ffff80001e144fd0 0000003f
IDT=     000000001e191890 00000fff
CR0=80010033 CR2=0000000000000000 CR3=0000000000002000 CR4=00000620
DR0=0000000000000000 DR1=0000000000000000 DR2=0000000000000000 DR3=0000000000000000 
DR6=00000000ffff0ff0 DR7=0000000000000400
CCS=0000000000000095 CCD=ffffffffffffffff CCO=EFLAGS
EFER=0000000000000d01
Servicing hardware INT=0x20
   147: v=20 e=0000 i=0 cpl=0 IP=0008:000000001e0483eb pc=000000001e0483eb SP=0010:ffff80000027ee28 env->regs[R_EAX]=0000000000000000
RAX=0000000000000000 RBX=0000000000000001 RCX=0000000000000000 RDX=0000000000000000
RSI=0000000000000000 RDI=0000000000000000 RBP=0000000000000000 RSP=ffff80000027ee28
R8 =0000000000000000 R9 =000000000000ffff R10=0000000000000000 R11=0000000000000000
R12=000000001e0a25f3 R13=0000000000000000 R14=ffff80000027ee68 R15=ffff80000027eee8
RIP=000000001e0483eb RFL=00000297 [--S-APC] CPL=0 II=0 A20=1 SMM=0 HLT=0
ES =001b 0000000000000000 ffffffff 00aff300 DPL=3 DS   [-WA]
CS =0008 0000000000000000 ffffffff 00af9a00 DPL=0 CS64 [-R-]
SS =0010 0000000000000000 ffffffff 00af9300 DPL=0 DS   [-WA]
DS =001b 0000000000000000 ffffffff 00aff300 DPL=3 DS   [-WA]
FS =0000 0000000000000000 ffffffff 00cf1300
GS =0000 ffff80001e1852a0 ffffffff 00cf1300
LDT=0000 0000000000000000 0000ffff 00008200 DPL=0 LDT
TR =0028 ffff80001e1b5070 00000067 00008900 DPL=0 TSS64-avl
GDT=     ffff80001e144f90 0000003f
IDT=     000000001e191890 00000fff
CR0=80010033 CR2=0000000000000000 CR3=0000000000002000 CR4=00000668
DR0=0000000000000000 DR1=0000000000000000 DR2=0000000000000000 DR3=0000000000000000 
DR6=00000000ffff0ff0 DR7=0000000000000400
CCS=0000000000000095 CCD=ffffffffffffffff CCO=EFLAGS
EFER=0000000000000d01
Servicing hardware INT=0x2d
   148: v=2d e=0000 i=0 cpl=0 IP=0008:000000001e0483eb pc=000000001e0483eb SP=0010:ffff800000286e28 env->regs[R_EAX]=0000000000000000
RAX=0000000000000000 RBX=0000000000000001 RCX=0000000000000000 RDX=0000000000000000
RSI=0000000000000000 RDI=0000000000000000 RBP=0000000000000000 RSP=ffff800000286e28
R8 =0000000000000000 R9 =000000000000ffff R10=0000000000000000 R11=0000000000000008
R12=000000001e0a25f3 R13=0000000000000000 R14=ffff800000286e68 R15=ffff800000286ee8
RIP=000000001e0483eb RFL=00010297 [--S-APC] CPL=0 II=0 A20=1 SMM=0 HLT=0
ES =001b 0000000000000000 ffffffff 00aff300 DPL=3 DS   [-WA]
CS =0008 0000000000000000 ffffffff 00af9a00 DPL=0 CS64 [-R-]
SS =0010 0000000000000000 ffffffff 00af9300 DPL=0 DS   [-WA]
DS =001b 0000000000000000 ffffffff 00aff300 DPL=3 DS   [-WA]
FS =0000 0000000000000000 ffffffff 00af1300
GS =0000 ffff80001e1852c0 ffffffff 00af1300
LDT=0000 0000000000000000 0000ffff 00008200 DPL=0 LDT
TR =0028 ffff80001e1b50d8 00000067 00008900 DPL=0 TSS64-avl
GDT=     ffff80001e144fd0 0000003f
IDT=     000000001e191890 00000fff
CR0=80010033 CR2=0000000000000000 CR3=0000000000002000 CR4=00000620
DR0=0000000000000000 DR1=0000000000000000 DR2=0000000000000000 DR3=0000000000000000 
DR6=00000000ffff0ff0 DR7=0000000000000400
CCS=0000000000000095 CCD=ffff800000286df8 CCO=EFLAGS
EFER=0000000000000d01
Servicing hardware INT=0x2d
   149: v=2d e=0000 i=0 cpl=0 IP=0008:000000001e0483eb pc=000000001e0483eb SP=0010:ffff80000027ee28 env->regs[R_EAX]=0000000000000000
RAX=0000000000000000 RBX=0000000000000001 RCX=0000000000000000 RDX=0000000000000000
RSI=0000000000000000 RDI=0000000000000000 RBP=0000000000000000 RSP=ffff80000027ee28
R8 =0000000000000000 R9 =000000000000ffff R10=0000000000000000 R11=0000000000000000
R12=000000001e0a25f3 R13=0000000000000000 R14=ffff80000027ee68 R15=ffff80000027eee8
RIP=000000001e0483eb RFL=00010297 [--S-APC] CPL=0 II=0 A20=1 SMM=0 HLT=0
ES =001b 0000000000000000 ffffffff 00aff300 DPL=3 DS   [-WA]
CS =0008 0000000000000000 ffffffff 00af9a00 DPL=0 CS64 [-R-]
SS =0010 0000000000000000 ffffffff 00af9300 DPL=0 DS   [-WA]
DS =001b 0000000000000000 ffffffff 00aff300 DPL=3 DS   [-WA]
FS =0000 0000000000000000 ffffffff 00cf1300
GS =0000 ffff80001e1852a0 ffffffff 00cf1300
LDT=0000 0000000000000000 0000ffff 00008200 DPL=0 LDT
TR =0028 ffff80001e1b5070 00000067 00008900 DPL=0 TSS64-avl
GDT=     ffff80001e144f90 0000003f
IDT=     000000001e191890 00000fff
CR0=80010033 CR2=0000000000000000 CR3=0000000000002000 CR4=00000668
DR0=0000000000000000 DR1=0000000000000000 DR2=0000000000000000 DR3=0000000000000000 
DR6=00000000ffff0ff0 DR7=0000000000000400
CCS=0000000000000095 CCD=ffff80000027edf8 CCO=EFLAGS
EFER=0000000000000d01
Servicing hardware INT=0x20
   150: v=20 e=0000 i=0 cpl=0 IP=0008:000000001e0483eb pc=000000001e0483eb SP=0010:ffff800000286e28 env->regs[R_EAX]=0000000000000000
RAX=0000000000000000 RBX=0000000000000001 RCX=0000000000000000 RDX=0000000000000000
RSI=0000000000000000 RDI=0000000000000000 RBP=0000000000000000 RSP=ffff800000286e28
R8 =0000000000000000 R9 =000000000000ffff R10=0000000000000000 R11=0000000000000018
R12=000000001e0a25f3 R13=0000000000000000 R14=ffff800000286e68 R15=ffff800000286ee8
RIP=000000001e0483eb RFL=00000297 [--S-APC] CPL=0 II=0 A20=1 SMM=0 HLT=0
ES =001b 0000000000000000 ffffffff 00aff300 DPL=3 DS   [-WA]
CS =0008 0000000000000000 ffffffff 00af9a00 DPL=0 CS64 [-R-]
SS =0010 0000000000000000 ffffffff 00af9300 DPL=0 DS   [-WA]
DS =001b 0000000000000000 ffffffff 00aff300 DPL=3 DS   [-WA]
FS =0000 0000000000000000 ffffffff 00af1300
GS =0000 ffff80001e1852c0 ffffffff 00af1300
LDT=0000 0000000000000000 0000ffff 00008200 DPL=0 LDT
TR =0028 ffff80001e1b50d8 00000067 00008900 DPL=0 TSS64-avl
GDT=     ffff80001e144fd0 0000003f
IDT=     000000001e191890 00000fff
CR0=80010033 CR2=0000000000000000 CR3=0000000000002000 CR4=00000620
DR0=0000000000000000 DR1=0000000000000000 DR2=0000000000000000 DR3=0000000000000000 
DR6=00000000ffff0ff0 DR7=0000000000000400
CCS=0000000000000095 CCD=ffffffffffffffff CCO=EFLAGS
EFER=0000000000000d01
Servicing hardware INT=0x20
   151: v=20 e=0000 i=0 cpl=0 IP=0008:000000001e0483eb pc=000000001e0483eb SP=0010:ffff80000027ee28 env->regs[R_EAX]=0000000000000000
RAX=0000000000000000 RBX=0000000000000001 RCX=0000000000000000 RDX=0000000000000000
RSI=0000000000000000 RDI=0000000000000000 RBP=0000000000000000 RSP=ffff80000027ee28
R8 =0000000000000000 R9 =000000000000ffff R10=0000000000000000 R11=0000000000000008
R12=000000001e0a25f3 R13=0000000000000000 R14=ffff80000027ee68 R15=ffff80000027eee8
RIP=000000001e0483eb RFL=00000297 [--S-APC] CPL=0 II=0 A20=1 SMM=0 HLT=0
ES =001b 0000000000000000 ffffffff 00aff300 DPL=3 DS   [-WA]
CS =0008 0000000000000000 ffffffff 00af9a00 DPL=0 CS64 [-R-]
SS =0010 0000000000000000 ffffffff 00af9300 DPL=0 DS   [-WA]
DS =001b 0000000000000000 ffffffff 00aff300 DPL=3 DS   [-WA]
FS =0000 0000000000000000 ffffffff 00cf1300
GS =0000 ffff80001e1852a0 ffffffff 00cf1300
LDT=0000 0000000000000000 0000ffff 00008200 DPL=0 LDT
TR =0028 ffff80001e1b5070 00000067 00008900 DPL=0 TSS64-avl
GDT=     ffff80001e144f90 0000003f
IDT=     000000001e191890 00000fff
CR0=80010033 CR2=0000000000000000 CR3=0000000000002000 CR4=00000668
DR0=0000000000000000 DR1=0000000000000000 DR2=0000000000000000 DR3=0000000000000000 
DR6=00000000ffff0ff0 DR7=0000000000000400
CCS=0000000000000095 CCD=ffffffffffffffff CCO=EFLAGS
EFER=0000000000000d01
Servicing hardware INT=0x2d
   152: v=2d e=0000 i=0 cpl=0 IP=0008:000000001e0483eb pc=000000001e0483eb SP=0010:ffff800000286e28 env->regs[R_EAX]=0000000000000000
RAX=0000000000000000 RBX=0000000000000001 RCX=0000000000000000 RDX=0000000000000000
RSI=0000000000000000 RDI=0000000000000000 RBP=0000000000000000 RSP=ffff800000286e28
R8 =0000000000000000 R9 =000000000000ffff R10=0000000000000000 R11=0000000000000018
R12=000000001e0a25f3 R13=0000000000000000 R14=ffff800000286e68 R15=ffff800000286ee8
RIP=000000001e0483eb RFL=00010297 [--S-APC] CPL=0 II=0 A20=1 SMM=0 HLT=0
ES =001b 0000000000000000 ffffffff 00aff300 DPL=3 DS   [-WA]
CS =0008 0000000000000000 ffffffff 00af9a00 DPL=0 CS64 [-R-]
SS =0010 0000000000000000 ffffffff 00af9300 DPL=0 DS   [-WA]
DS =001b 0000000000000000 ffffffff 00aff300 DPL=3 DS   [-WA]
FS =0000 0000000000000000 ffffffff 00af1300
GS =0000 ffff80001e1852c0 ffffffff 00af1300
LDT=0000 0000000000000000 0000ffff 00008200 DPL=0 LDT
TR =0028 ffff80001e1b50d8 00000067 00008900 DPL=0 TSS64-avl
GDT=     ffff80001e144fd0 0000003f
IDT=     000000001e191890 00000fff
CR0=80010033 CR2=0000000000000000 CR3=0000000000002000 CR4=00000620
DR0=0000000000000000 DR1=0000000000000000 DR2=0000000000000000 DR3=0000000000000000 
DR6=00000000ffff0ff0 DR7=0000000000000400
CCS=0000000000000095 CCD=ffff800000286df8 CCO=EFLAGS
EFER=0000000000000d01
Servicing hardware INT=0x2d
   153: v=2d e=0000 i=0 cpl=0 IP=0008:000000001e061024 pc=000000001e061024 SP=0010:ffff8000015c5f10 env->regs[R_EAX]=000000000000001a
RAX=000000000000001a RBX=ffff80000026f400 RCX=ffff80000026f400 RDX=ffff80000026f200
RSI=000000000000000a RDI=0000000000000009 RBP=ffff8000015c6101 RSP=ffff8000015c5f10
R8 =00000000ffeffff7 R9 =000000000000ffff R10=0000000000000000 R11=0000000000000008
R12=0000000000d66000 R13=0000000000000000 R14=ffff80000026f200 R15=ffff80000238d000
RIP=000000001e061024 RFL=00000282 [--S----] CPL=0 II=0 A20=1 SMM=0 HLT=0
ES =001b 0000000000000000 ffffffff 00aff300 DPL=3 DS   [-WA]
CS =0008 0000000000000000 ffffffff 00af9a00 DPL=0 CS64 [-R-]
SS =0010 0000000000000000 ffffffff 00af9300 DPL=0 DS   [-WA]
DS =001b 0000000000000000 ffffffff 00aff300 DPL=3 DS   [-WA]
FS =0000 0000000000000000 ffffffff 00cf1300
GS =0000 ffff80001e1852a0 ffffffff 00cf1300
LDT=0000 0000000000000000 0000ffff 00008200 DPL=0 LDT
TR =0028 ffff80001e1b5070 00000067 00008900 DPL=0 TSS64-avl
GDT=     ffff80001e144f90 0000003f
IDT=     000000001e191890 00000fff
CR0=80010033 CR2=0000000000000000 CR3=00000000013f5000 CR4=00000668
DR0=0000000000000000 DR1=0000000000000000 DR2=0000000000000000 DR3=0000000000000000 
DR6=00000000ffff0ff0 DR7=0000000000000400
CCS=0000000000000080 CCD=ffff80000027ed08 CCO=EFLAGS
EFER=0000000000000d01
Servicing hardware INT=0x20
   154: v=20 e=0000 i=0 cpl=0 IP=0008:000000001e0483eb pc=000000001e0483eb SP=0010:ffff80000027ee28 env->regs[R_EAX]=0000000000000000
RAX=0000000000000000 RBX=0000000000000001 RCX=0000000000000000 RDX=0000000000000000
RSI=0000000000000000 RDI=0000000000000000 RBP=0000000000000000 RSP=ffff80000027ee28
R8 =0000000000000000 R9 =000000000000ffff R10=0000000000000000 R11=0000000000000018
R12=000000001e0a25f3 R13=0000000000000000 R14=ffff80000027ee68 R15=ffff80000027eee8
RIP=000000001e0483eb RFL=00000297 [--S-APC] CPL=0 II=0 A20=1 SMM=0 HLT=0
ES =001b 0000000000000000 ffffffff 00aff300 DPL=3 DS   [-WA]
CS =0008 0000000000000000 ffffffff 00af9a00 DPL=0 CS64 [-R-]
SS =0010 0000000000000000 ffffffff 00af9300 DPL=0 DS   [-WA]
DS =001b 0000000000000000 ffffffff 00aff300 DPL=3 DS   [-WA]
FS =0000 0000000000000000 ffffffff 00cf1300
GS =0000 ffff80001e1852a0 ffffffff 00cf1300
LDT=0000 0000000000000000 0000ffff 00008200 DPL=0 LDT
TR =0028 ffff80001e1b5070 00000067 00008900 DPL=0 TSS64-avl
GDT=     ffff80001e144f90 0000003f
IDT=     000000001e191890 00000fff
CR0=80010033 CR2=0000000000000000 CR3=0000000000002000 CR4=00000668
DR0=0000000000000000 DR1=0000000000000000 DR2=0000000000000000 DR3=0000000000000000 
DR6=00000000ffff0ff0 DR7=0000000000000400
CCS=0000000000000095 CCD=ffffffffffffffff CCO=EFLAGS
EFER=0000000000000d01
Servicing hardware INT=0x20
   155: v=20 e=0000 i=0 cpl=0 IP=0008:000000001e0483eb pc=000000001e0483eb SP=0010:ffff800000286e28 env->regs[R_EAX]=0000000000000000
RAX=0000000000000000 RBX=0000000000000001 RCX=0000000000000000 RDX=0000000000000000
RSI=0000000000000000 RDI=0000000000000000 RBP=0000000000000000 RSP=ffff800000286e28
R8 =0000000000000000 R9 =000000000000ffff R10=0000000000000000 R11=0000000000000000
R12=000000001e0a25f3 R13=0000000000000000 R14=ffff800000286e68 R15=ffff800000286ee8
RIP=000000001e0483eb RFL=00000297 [--S-APC] CPL=0 II=0 A20=1 SMM=0 HLT=0
ES =001b 0000000000000000 ffffffff 00aff300 DPL=3 DS   [-WA]
CS =0008 0000000000000000 ffffffff 00af9a00 DPL=0 CS64 [-R-]
SS =0010 0000000000000000 ffffffff 00af9300 DPL=0 DS   [-WA]
DS =001b 0000000000000000 ffffffff 00aff300 DPL=3 DS   [-WA]
FS =0000 0000000000000000 ffffffff 00af1300
GS =0000 ffff80001e1852c0 ffffffff 00af1300
LDT=0000 0000000000000000 0000ffff 00008200 DPL=0 LDT
TR =0028 ffff80001e1b50d8 00000067 00008900 DPL=0 TSS64-avl
GDT=     ffff80001e144fd0 0000003f
IDT=     000000001e191890 00000fff
CR0=80010033 CR2=0000000000000000 CR3=0000000000002000 CR4=00000620
DR0=0000000000000000 DR1=0000000000000000 DR2=0000000000000000 DR3=0000000000000000 
DR6=00000000ffff0ff0 DR7=0000000000000400
CCS=0000000000000095 CCD=ffffffffffffffff CCO=EFLAGS
EFER=0000000000000d01
Servicing hardware INT=0x2d
   156: v=2d e=0000 i=0 cpl=0 IP=0008:000000001e0483eb pc=000000001e0483eb SP=0010:ffff800000286e28 env->regs[R_EAX]=0000000000000000
RAX=0000000000000000 RBX=0000000000000001 RCX=0000000000000000 RDX=0000000000000000
RSI=0000000000000000 RDI=0000000000000000 RBP=0000000000000000 RSP=ffff800000286e28
R8 =0000000000000000 R9 =000000000000ffff R10=0000000000000000 R11=0000000000000000
R12=000000001e0a25f3 R13=0000000000000000 R14=ffff800000286e68 R15=ffff800000286ee8
RIP=000000001e0483eb RFL=00010297 [--S-APC] CPL=0 II=0 A20=1 SMM=0 HLT=0
ES =001b 0000000000000000 ffffffff 00aff300 DPL=3 DS   [-WA]
CS =0008 0000000000000000 ffffffff 00af9a00 DPL=0 CS64 [-R-]
SS =0010 0000000000000000 ffffffff 00af9300 DPL=0 DS   [-WA]
DS =001b 0000000000000000 ffffffff 00aff300 DPL=3 DS   [-WA]
FS =0000 0000000000000000 ffffffff 00af1300
GS =0000 ffff80001e1852c0 ffffffff 00af1300
LDT=0000 0000000000000000 0000ffff 00008200 DPL=0 LDT
TR =0028 ffff80001e1b50d8 00000067 00008900 DPL=0 TSS64-avl
GDT=     ffff80001e144fd0 0000003f
IDT=     000000001e191890 00000fff
CR0=80010033 CR2=0000000000000000 CR3=0000000000002000 CR4=00000620
DR0=0000000000000000 DR1=0000000000000000 DR2=0000000000000000 DR3=0000000000000000 
DR6=00000000ffff0ff0 DR7=0000000000000400
CCS=0000000000000095 CCD=ffff800000286df8 CCO=EFLAGS
EFER=0000000000000d01
Servicing hardware INT=0x20
   157: v=20 e=0000 i=0 cpl=0 IP=0008:000000001e0483eb pc=000000001e0483eb SP=0010:ffff800000286e28 env->regs[R_EAX]=0000000000000000
RAX=0000000000000000 RBX=0000000000000001 RCX=0000000000000000 RDX=0000000000000000
RSI=0000000000000000 RDI=0000000000000000 RBP=0000000000000000 RSP=ffff800000286e28
R8 =0000000000000000 R9 =000000000000ffff R10=0000000000000000 R11=0000000000000028
R12=000000001e0a25f3 R13=0000000000000000 R14=ffff800000286e68 R15=ffff800000286ee8
RIP=000000001e0483eb RFL=00000297 [--S-APC] CPL=0 II=0 A20=1 SMM=0 HLT=0
ES =001b 0000000000000000 ffffffff 00aff300 DPL=3 DS   [-WA]
CS =0008 0000000000000000 ffffffff 00af9a00 DPL=0 CS64 [-R-]
SS =0010 0000000000000000 ffffffff 00af9300 DPL=0 DS   [-WA]
DS =001b 0000000000000000 ffffffff 00aff300 DPL=3 DS   [-WA]
FS =0000 0000000000000000 ffffffff 00af1300
GS =0000 ffff80001e1852c0 ffffffff 00af1300
LDT=0000 0000000000000000 0000ffff 00008200 DPL=0 LDT
TR =0028 ffff80001e1b50d8 00000067 00008900 DPL=0 TSS64-avl
GDT=     ffff80001e144fd0 0000003f
IDT=     000000001e191890 00000fff
CR0=80010033 CR2=0000000000000000 CR3=0000000000002000 CR4=00000620
DR0=0000000000000000 DR1=0000000000000000 DR2=0000000000000000 DR3=0000000000000000 
DR6=00000000ffff0ff0 DR7=0000000000000400
CCS=0000000000000095 CCD=ffffffffffffffff CCO=EFLAGS
EFER=0000000000000d01
Servicing hardware INT=0x20
   158: v=20 e=0000 i=0 cpl=0 IP=0008:000000001e0483eb pc=000000001e0483eb SP=0010:ffff80000027ee28 env->regs[R_EAX]=0000000000000000
RAX=0000000000000000 RBX=0000000000000001 RCX=0000000000000000 RDX=0000000000000000
RSI=0000000000000000 RDI=0000000000000000 RBP=0000000000000000 RSP=ffff80000027ee28
R8 =0000000000000000 R9 =000000000000ffff R10=0000000000000000 R11=0000000000000018
R12=000000001e0a25f3 R13=0000000000000000 R14=ffff80000027ee68 R15=ffff80000027eee8
RIP=000000001e0483eb RFL=00000297 [--S-APC] CPL=0 II=0 A20=1 SMM=0 HLT=0
ES =001b 0000000000000000 ffffffff 00aff300 DPL=3 DS   [-WA]
CS =0008 0000000000000000 ffffffff 00af9a00 DPL=0 CS64 [-R-]
SS =0010 0000000000000000 ffffffff 00af9300 DPL=0 DS   [-WA]
DS =001b 0000000000000000 ffffffff 00aff300 DPL=3 DS   [-WA]
FS =0000 0000000000000000 ffffffff 00cf1300
GS =0000 ffff80001e1852a0 ffffffff 00cf1300
LDT=0000 0000000000000000 0000ffff 00008200 DPL=0 LDT
TR =0028 ffff80001e1b5070 00000067 00008900 DPL=0 TSS64-avl
GDT=     ffff80001e144f90 0000003f
IDT=     000000001e191890 00000fff
CR0=80010033 CR2=0000000000000000 CR3=0000000000002000 CR4=00000668
DR0=0000000000000000 DR1=0000000000000000 DR2=0000000000000000 DR3=0000000000000000 
DR6=00000000ffff0ff0 DR7=0000000000000400
CCS=0000000000000095 CCD=ffffffffffffffff CCO=EFLAGS
EFER=0000000000000d01
Servicing hardware INT=0x2d
   159: v=2d e=0000 i=0 cpl=0 IP=0008:000000001e0483eb pc=000000001e0483eb SP=0010:ffff80000027ee28 env->regs[R_EAX]=0000000000000000
RAX=0000000000000000 RBX=0000000000000001 RCX=0000000000000000 RDX=0000000000000000
RSI=0000000000000000 RDI=0000000000000000 RBP=0000000000000000 RSP=ffff80000027ee28
R8 =0000000000000000 R9 =000000000000ffff R10=0000000000000000 R11=0000000000000018
R12=000000001e0a25f3 R13=0000000000000000 R14=ffff80000027ee68 R15=ffff80000027eee8
RIP=000000001e0483eb RFL=00010297 [--S-APC] CPL=0 II=0 A20=1 SMM=0 HLT=0
ES =001b 0000000000000000 ffffffff 00aff300 DPL=3 DS   [-WA]
CS =0008 0000000000000000 ffffffff 00af9a00 DPL=0 CS64 [-R-]
SS =0010 0000000000000000 ffffffff 00af9300 DPL=0 DS   [-WA]
DS =001b 0000000000000000 ffffffff 00aff300 DPL=3 DS   [-WA]
FS =0000 0000000000000000 ffffffff 00cf1300
GS =0000 ffff80001e1852a0 ffffffff 00cf1300
LDT=0000 0000000000000000 0000ffff 00008200 DPL=0 LDT
TR =0028 ffff80001e1b5070 00000067 00008900 DPL=0 TSS64-avl
GDT=     ffff80001e144f90 0000003f
IDT=     000000001e191890 00000fff
CR0=80010033 CR2=0000000000000000 CR3=0000000000002000 CR4=00000668
DR0=0000000000000000 DR1=0000000000000000 DR2=0000000000000000 DR3=0000000000000000 
DR6=00000000ffff0ff0 DR7=0000000000000400
CCS=0000000000000095 CCD=ffff80000027edf8 CCO=EFLAGS
EFER=0000000000000d01
Servicing hardware INT=0x2d
   160: v=2d e=0000 i=0 cpl=0 IP=0008:000000001e0483eb pc=000000001e0483eb SP=0010:ffff800000286e28 env->regs[R_EAX]=0000000000000000
RAX=0000000000000000 RBX=0000000000000001 RCX=0000000000000000 RDX=0000000000000000
RSI=0000000000000000 RDI=0000000000000000 RBP=0000000000000000 RSP=ffff800000286e28
R8 =0000000000000000 R9 =000000000000ffff R10=0000000000000000 R11=0000000000000028
R12=000000001e0a25f3 R13=0000000000000000 R14=ffff800000286e68 R15=ffff800000286ee8
RIP=000000001e0483eb RFL=00010297 [--S-APC] CPL=0 II=0 A20=1 SMM=0 HLT=0
ES =001b 0000000000000000 ffffffff 00aff300 DPL=3 DS   [-WA]
CS =0008 0000000000000000 ffffffff 00af9a00 DPL=0 CS64 [-R-]
SS =0010 0000000000000000 ffffffff 00af9300 DPL=0 DS   [-WA]
DS =001b 0000000000000000 ffffffff 00aff300 DPL=3 DS   [-WA]
FS =0000 0000000000000000 ffffffff 00af1300
GS =0000 ffff80001e1852c0 ffffffff 00af1300
LDT=0000 0000000000000000 0000ffff 00008200 DPL=0 LDT
TR =0028 ffff80001e1b50d8 00000067 00008900 DPL=0 TSS64-avl
GDT=     ffff80001e144fd0 0000003f
IDT=     000000001e191890 00000fff
CR0=80010033 CR2=0000000000000000 CR3=0000000000002000 CR4=00000620
DR0=0000000000000000 DR1=0000000000000000 DR2=0000000000000000 DR3=0000000000000000 
DR6=00000000ffff0ff0 DR7=0000000000000400
CCS=0000000000000095 CCD=ffff800000286df8 CCO=EFLAGS
EFER=0000000000000d01
Servicing hardware INT=0x2d
   161: v=2d e=0000 i=0 cpl=0 IP=0008:000000001e09dca5 pc=000000001e09dca5 SP=0010:ffff80000027e990 env->regs[R_EAX]=0000000000000000
RAX=0000000000000000 RBX=000000001e0b1368 RCX=ffff80000027ea40 RDX=ffff80000027e9b8
RSI=ffff80000027eaf0 RDI=000000001e185498 RBP=0000000000000000 RSP=ffff80000027e990
R8 =00000000000000c0 R9 =0000000000000001 R10=0000000000002000 R11=000000000000005b
R12=000000001e0a78a5 R13=000000001e076f6f R14=ffff80000027e9b8 R15=000000001e0a78a4
RIP=000000001e09dca5 RFL=00000246 [---Z-P-] CPL=0 II=0 A20=1 SMM=0 HLT=0
ES =001b 0000000000000000 ffffffff 00aff300 DPL=3 DS   [-WA]
CS =0008 0000000000000000 ffffffff 00af9a00 DPL=0 CS64 [-R-]
SS =0010 0000000000000000 ffffffff 00af9300 DPL=0 DS   [-WA]
DS =001b 0000000000000000 ffffffff 00aff300 DPL=3 DS   [-WA]
FS =0000 0000000000000000 ffffffff 00cf1300
GS =0000 ffff80001e1852a0 ffffffff 00cf1300
LDT=0000 0000000000000000 0000ffff 00008200 DPL=0 LDT
TR =0028 ffff80001e1b5070 00000067 00008900 DPL=0 TSS64-avl
GDT=     ffff80001e144f90 0000003f
IDT=     000000001e191890 00000fff
CR0=80010033 CR2=0000000000000000 CR3=0000000000002000 CR4=00000668
DR0=0000000000000000 DR1=0000000000000000 DR2=0000000000000000 DR3=0000000000000000 
DR6=00000000ffff0ff0 DR7=0000000000000400
CCS=0000000000000044 CCD=0000000000000000 CCO=EFLAGS
EFER=0000000000000d01
Servicing hardware INT=0x20
   162: v=20 e=0000 i=0 cpl=0 IP=0008:000000001e0483eb pc=000000001e0483eb SP=0010:ffff800000286e28 env->regs[R_EAX]=0000000000000000
RAX=0000000000000000 RBX=0000000000000001 RCX=0000000000000000 RDX=0000000000000000
RSI=0000000000000000 RDI=0000000000000000 RBP=0000000000000000 RSP=ffff800000286e28
R8 =0000000000000000 R9 =000000000000ffff R10=0000000000000000 R11=0000000000000000
R12=000000001e0a25f3 R13=0000000000000000 R14=ffff800000286e68 R15=ffff800000286ee8
RIP=000000001e0483eb RFL=00000297 [--S-APC] CPL=0 II=0 A20=1 SMM=0 HLT=0
ES =001b 0000000000000000 ffffffff 00aff300 DPL=3 DS   [-WA]
CS =0008 0000000000000000 ffffffff 00af9a00 DPL=0 CS64 [-R-]
SS =0010 0000000000000000 ffffffff 00af9300 DPL=0 DS   [-WA]
DS =001b 0000000000000000 ffffffff 00aff300 DPL=3 DS   [-WA]
FS =0000 0000000000000000 ffffffff 00af1300
GS =0000 ffff80001e1852c0 ffffffff 00af1300
LDT=0000 0000000000000000 0000ffff 00008200 DPL=0 LDT
TR =0028 ffff80001e1b50d8 00000067 00008900 DPL=0 TSS64-avl
GDT=     ffff80001e144fd0 0000003f
IDT=     000000001e191890 00000fff
CR0=80010033 CR2=0000000000000000 CR3=0000000000002000 CR4=00000620
DR0=0000000000000000 DR1=0000000000000000 DR2=0000000000000000 DR3=0000000000000000 
DR6=00000000ffff0ff0 DR7=0000000000000400
CCS=0000000000000095 CCD=ffffffffffffffff CCO=EFLAGS
EFER=0000000000000d01
Servicing hardware INT=0x20
   163: v=20 e=0000 i=0 cpl=0 IP=0008:000000001e0483eb pc=000000001e0483eb SP=0010:ffff80000027ee28 env->regs[R_EAX]=0000000000000000
RAX=0000000000000000 RBX=0000000000000001 RCX=0000000000000000 RDX=0000000000000000
RSI=0000000000000000 RDI=0000000000000000 RBP=0000000000000000 RSP=ffff80000027ee28
R8 =0000000000000000 R9 =000000000000ffff R10=0000000000000000 R11=0000000000000008
R12=000000001e0a25f3 R13=0000000000000000 R14=ffff80000027ee68 R15=ffff80000027eee8
RIP=000000001e0483eb RFL=00000297 [--S-APC] CPL=0 II=0 A20=1 SMM=0 HLT=0
ES =001b 0000000000000000 ffffffff 00aff300 DPL=3 DS   [-WA]
CS =0008 0000000000000000 ffffffff 00af9a00 DPL=0 CS64 [-R-]
SS =0010 0000000000000000 ffffffff 00af9300 DPL=0 DS   [-WA]
DS =001b 0000000000000000 ffffffff 00aff300 DPL=3 DS   [-WA]
FS =0000 0000000000000000 ffffffff 00cf1300
GS =0000 ffff80001e1852a0 ffffffff 00cf1300
LDT=0000 0000000000000000 0000ffff 00008200 DPL=0 LDT
TR =0028 ffff80001e1b5070 00000067 00008900 DPL=0 TSS64-avl
GDT=     ffff80001e144f90 0000003f
IDT=     000000001e191890 00000fff
CR0=80010033 CR2=0000000000000000 CR3=0000000000002000 CR4=00000668
DR0=0000000000000000 DR1=0000000000000000 DR2=0000000000000000 DR3=0000000000000000 
DR6=00000000ffff0ff0 DR7=0000000000000400
CCS=0000000000000095 CCD=ffffffffffffffff CCO=EFLAGS
EFER=0000000000000d01
Servicing hardware INT=0x2d
   164: v=2d e=0000 i=0 cpl=0 IP=0008:000000001e0483eb pc=000000001e0483eb SP=0010:ffff80000027ee28 env->regs[R_EAX]=0000000000000000
RAX=0000000000000000 RBX=0000000000000001 RCX=0000000000000000 RDX=0000000000000000
RSI=0000000000000000 RDI=0000000000000000 RBP=0000000000000000 RSP=ffff80000027ee28
R8 =0000000000000000 R9 =000000000000ffff R10=0000000000000000 R11=0000000000000008
R12=000000001e0a25f3 R13=0000000000000000 R14=ffff80000027ee68 R15=ffff80000027eee8
RIP=000000001e0483eb RFL=00010297 [--S-APC] CPL=0 II=0 A20=1 SMM=0 HLT=0
ES =001b 0000000000000000 ffffffff 00aff300 DPL=3 DS   [-WA]
CS =0008 0000000000000000 ffffffff 00af9a00 DPL=0 CS64 [-R-]
SS =0010 0000000000000000 ffffffff 00af9300 DPL=0 DS   [-WA]
DS =001b 0000000000000000 ffffffff 00aff300 DPL=3 DS   [-WA]
FS =0000 0000000000000000 ffffffff 00cf1300
GS =0000 ffff80001e1852a0 ffffffff 00cf1300
LDT=0000 0000000000000000 0000ffff 00008200 DPL=0 LDT
TR =0028 ffff80001e1b5070 00000067 00008900 DPL=0 TSS64-avl
GDT=     ffff80001e144f90 0000003f
IDT=     000000001e191890 00000fff
CR0=80010033 CR2=0000000000000000 CR3=0000000000002000 CR4=00000668
DR0=0000000000000000 DR1=0000000000000000 DR2=0000000000000000 DR3=0000000000000000 
DR6=00000000ffff0ff0 DR7=0000000000000400
CCS=0000000000000095 CCD=ffff80000027edf8 CCO=EFLAGS
EFER=0000000000000d01
Servicing hardware INT=0x2d
   165: v=2d e=0000 i=0 cpl=0 IP=0008:000000001e0483eb pc=000000001e0483eb SP=0010:ffff800000286e28 env->regs[R_EAX]=0000000000000000
RAX=0000000000000000 RBX=0000000000000001 RCX=0000000000000000 RDX=0000000000000000
RSI=0000000000000000 RDI=0000000000000000 RBP=0000000000000000 RSP=ffff800000286e28
R8 =0000000000000000 R9 =000000000000ffff R10=0000000000000000 R11=0000000000000000
R12=000000001e0a25f3 R13=0000000000000000 R14=ffff800000286e68 R15=ffff800000286ee8
RIP=000000001e0483eb RFL=00010297 [--S-APC] CPL=0 II=0 A20=1 SMM=0 HLT=0
ES =001b 0000000000000000 ffffffff 00aff300 DPL=3 DS   [-WA]
CS =0008 0000000000000000 ffffffff 00af9a00 DPL=0 CS64 [-R-]
SS =0010 0000000000000000 ffffffff 00af9300 DPL=0 DS   [-WA]
DS =001b 0000000000000000 ffffffff 00aff300 DPL=3 DS   [-WA]
FS =0000 0000000000000000 ffffffff 00af1300
GS =0000 ffff80001e1852c0 ffffffff 00af1300
LDT=0000 0000000000000000 0000ffff 00008200 DPL=0 LDT
TR =0028 ffff80001e1b50d8 00000067 00008900 DPL=0 TSS64-avl
GDT=     ffff80001e144fd0 0000003f
IDT=     000000001e191890 00000fff
CR0=80010033 CR2=0000000000000000 CR3=0000000000002000 CR4=00000620
DR0=0000000000000000 DR1=0000000000000000 DR2=0000000000000000 DR3=0000000000000000 
DR6=00000000ffff0ff0 DR7=0000000000000400
CCS=0000000000000095 CCD=ffff800000286df8 CCO=EFLAGS
EFER=0000000000000d01
Servicing hardware INT=0x20
   166: v=20 e=0000 i=0 cpl=0 IP=0008:000000001e0483eb pc=000000001e0483eb SP=0010:ffff80000027ee28 env->regs[R_EAX]=0000000000000000
RAX=0000000000000000 RBX=0000000000000001 RCX=0000000000000000 RDX=0000000000000000
RSI=0000000000000000 RDI=0000000000000000 RBP=0000000000000000 RSP=ffff80000027ee28
R8 =0000000000000000 R9 =000000000000ffff R10=0000000000000000 R11=0000000000000000
R12=000000001e0a25f3 R13=0000000000000000 R14=ffff80000027ee68 R15=ffff80000027eee8
RIP=000000001e0483eb RFL=00000297 [--S-APC] CPL=0 II=0 A20=1 SMM=0 HLT=0
ES =001b 0000000000000000 ffffffff 00aff300 DPL=3 DS   [-WA]
CS =0008 0000000000000000 ffffffff 00af9a00 DPL=0 CS64 [-R-]
SS =0010 0000000000000000 ffffffff 00af9300 DPL=0 DS   [-WA]
DS =001b 0000000000000000 ffffffff 00aff300 DPL=3 DS   [-WA]
FS =0000 0000000000000000 ffffffff 00cf1300
GS =0000 ffff80001e1852a0 ffffffff 00cf1300
LDT=0000 0000000000000000 0000ffff 00008200 DPL=0 LDT
TR =0028 ffff80001e1b5070 00000067 00008900 DPL=0 TSS64-avl
GDT=     ffff80001e144f90 0000003f
IDT=     000000001e191890 00000fff
CR0=80010033 CR2=0000000000000000 CR3=0000000000002000 CR4=00000668
DR0=0000000000000000 DR1=0000000000000000 DR2=0000000000000000 DR3=0000000000000000 
DR6=00000000ffff0ff0 DR7=0000000000000400
CCS=0000000000000095 CCD=ffffffffffffffff CCO=EFLAGS
EFER=0000000000000d01
Servicing hardware INT=0x20
   167: v=20 e=0000 i=0 cpl=0 IP=0008:000000001e0483eb pc=000000001e0483eb SP=0010:ffff800000286e28 env->regs[R_EAX]=0000000000000000
RAX=0000000000000000 RBX=0000000000000001 RCX=0000000000000000 RDX=0000000000000000
RSI=0000000000000000 RDI=0000000000000000 RBP=0000000000000000 RSP=ffff800000286e28
R8 =0000000000000000 R9 =000000000000ffff R10=0000000000000000 R11=0000000000000008
R12=000000001e0a25f3 R13=0000000000000000 R14=ffff800000286e68 R15=ffff800000286ee8
RIP=000000001e0483eb RFL=00000297 [--S-APC] CPL=0 II=0 A20=1 SMM=0 HLT=0
ES =001b 0000000000000000 ffffffff 00aff300 DPL=3 DS   [-WA]
CS =0008 0000000000000000 ffffffff 00af9a00 DPL=0 CS64 [-R-]
SS =0010 0000000000000000 ffffffff 00af9300 DPL=0 DS   [-WA]
DS =001b 0000000000000000 ffffffff 00aff300 DPL=3 DS   [-WA]
FS =0000 0000000000000000 ffffffff 00af1300
GS =0000 ffff80001e1852c0 ffffffff 00af1300
LDT=0000 0000000000000000 0000ffff 00008200 DPL=0 LDT
TR =0028 ffff80001e1b50d8 00000067 00008900 DPL=0 TSS64-avl
GDT=     ffff80001e144fd0 0000003f
IDT=     000000001e191890 00000fff
CR0=80010033 CR2=0000000000000000 CR3=0000000000002000 CR4=00000620
DR0=0000000000000000 DR1=0000000000000000 DR2=0000000000000000 DR3=0000000000000000 
DR6=00000000ffff0ff0 DR7=0000000000000400
CCS=0000000000000095 CCD=ffffffffffffffff CCO=EFLAGS
EFER=0000000000000d01
Servicing hardware INT=0x2d
   168: v=2d e=0000 i=0 cpl=0 IP=0008:000000001e0483eb pc=000000001e0483eb SP=0010:ffff800000286e28 env->regs[R_EAX]=0000000000000000
RAX=0000000000000000 RBX=0000000000000001 RCX=0000000000000000 RDX=0000000000000000
RSI=0000000000000000 RDI=0000000000000000 RBP=0000000000000000 RSP=ffff800000286e28
R8 =0000000000000000 R9 =000000000000ffff R10=0000000000000000 R11=0000000000000008
R12=000000001e0a25f3 R13=0000000000000000 R14=ffff800000286e68 R15=ffff800000286ee8
RIP=000000001e0483eb RFL=00010297 [--S-APC] CPL=0 II=0 A20=1 SMM=0 HLT=0
ES =001b 0000000000000000 ffffffff 00aff300 DPL=3 DS   [-WA]
CS =0008 0000000000000000 ffffffff 00af9a00 DPL=0 CS64 [-R-]
SS =0010 0000000000000000 ffffffff 00af9300 DPL=0 DS   [-WA]
DS =001b 0000000000000000 ffffffff 00aff300 DPL=3 DS   [-WA]
FS =0000 0000000000000000 ffffffff 00af1300
GS =0000 ffff80001e1852c0 ffffffff 00af1300
LDT=0000 0000000000000000 0000ffff 00008200 DPL=0 LDT
TR =0028 ffff80001e1b50d8 00000067 00008900 DPL=0 TSS64-avl
GDT=     ffff80001e144fd0 0000003f
IDT=     000000001e191890 00000fff
CR0=80010033 CR2=0000000000000000 CR3=0000000000002000 CR4=00000620
DR0=0000000000000000 DR1=0000000000000000 DR2=0000000000000000 DR3=0000000000000000 
DR6=00000000ffff0ff0 DR7=0000000000000400
CCS=0000000000000095 CCD=ffff800000286df8 CCO=EFLAGS
EFER=0000000000000d01
Servicing hardware INT=0x20
   169: v=20 e=0000 i=0 cpl=0 IP=0008:000000001e0483eb pc=000000001e0483eb SP=0010:ffff800000286e28 env->regs[R_EAX]=0000000000000000
RAX=0000000000000000 RBX=0000000000000001 RCX=0000000000000000 RDX=0000000000000000
RSI=0000000000000000 RDI=0000000000000000 RBP=0000000000000000 RSP=ffff800000286e28
R8 =0000000000000000 R9 =000000000000ffff R10=0000000000000000 R11=0000000000000000
R12=000000001e0a25f3 R13=0000000000000000 R14=ffff800000286e68 R15=ffff800000286ee8
RIP=000000001e0483eb RFL=00000297 [--S-APC] CPL=0 II=0 A20=1 SMM=0 HLT=0
ES =001b 0000000000000000 ffffffff 00aff300 DPL=3 DS   [-WA]
CS =0008 0000000000000000 ffffffff 00af9a00 DPL=0 CS64 [-R-]
SS =0010 0000000000000000 ffffffff 00af9300 DPL=0 DS   [-WA]
DS =001b 0000000000000000 ffffffff 00aff300 DPL=3 DS   [-WA]
FS =0000 0000000000000000 ffffffff 00af1300
GS =0000 ffff80001e1852c0 ffffffff 00af1300
LDT=0000 0000000000000000 0000ffff 00008200 DPL=0 LDT
TR =0028 ffff80001e1b50d8 00000067 00008900 DPL=0 TSS64-avl
GDT=     ffff80001e144fd0 0000003f
IDT=     000000001e191890 00000fff
CR0=80010033 CR2=0000000000000000 CR3=0000000000002000 CR4=00000620
DR0=0000000000000000 DR1=0000000000000000 DR2=0000000000000000 DR3=0000000000000000 
DR6=00000000ffff0ff0 DR7=0000000000000400
CCS=0000000000000095 CCD=ffffffffffffffff CCO=EFLAGS
EFER=0000000000000d01
Servicing hardware INT=0x20
   170: v=20 e=0000 i=0 cpl=0 IP=0008:000000001e0483eb pc=000000001e0483eb SP=0010:ffff80000027ee28 env->regs[R_EAX]=0000000000000000
RAX=0000000000000000 RBX=0000000000000001 RCX=0000000000000000 RDX=0000000000000000
RSI=0000000000000000 RDI=0000000000000000 RBP=0000000000000000 RSP=ffff80000027ee28
R8 =0000000000000000 R9 =000000000000ffff R10=0000000000000000 R11=0000000000000008
R12=000000001e0a25f3 R13=0000000000000000 R14=ffff80000027ee68 R15=ffff80000027eee8
RIP=000000001e0483eb RFL=00000297 [--S-APC] CPL=0 II=0 A20=1 SMM=0 HLT=0
ES =001b 0000000000000000 ffffffff 00aff300 DPL=3 DS   [-WA]
CS =0008 0000000000000000 ffffffff 00af9a00 DPL=0 CS64 [-R-]
SS =0010 0000000000000000 ffffffff 00af9300 DPL=0 DS   [-WA]
DS =001b 0000000000000000 ffffffff 00aff300 DPL=3 DS   [-WA]
FS =0000 0000000000000000 ffffffff 00cf1300
GS =0000 ffff80001e1852a0 ffffffff 00cf1300
LDT=0000 0000000000000000 0000ffff 00008200 DPL=0 LDT
TR =0028 ffff80001e1b5070 00000067 00008900 DPL=0 TSS64-avl
GDT=     ffff80001e144f90 0000003f
IDT=     000000001e191890 00000fff
CR0=80010033 CR2=0000000000000000 CR3=0000000000002000 CR4=00000668
DR0=0000000000000000 DR1=0000000000000000 DR2=0000000000000000 DR3=0000000000000000 
DR6=00000000ffff0ff0 DR7=0000000000000400
CCS=0000000000000095 CCD=ffffffffffffffff CCO=EFLAGS
EFER=0000000000000d01
Servicing hardware INT=0x2d
   171: v=2d e=0000 i=0 cpl=0 IP=0008:000000001e0483eb pc=000000001e0483eb SP=0010:ffff80000027ee28 env->regs[R_EAX]=0000000000000000
RAX=0000000000000000 RBX=0000000000000001 RCX=0000000000000000 RDX=0000000000000000
RSI=0000000000000000 RDI=0000000000000000 RBP=0000000000000000 RSP=ffff80000027ee28
R8 =0000000000000000 R9 =000000000000ffff R10=0000000000000000 R11=0000000000000008
R12=000000001e0a25f3 R13=0000000000000000 R14=ffff80000027ee68 R15=ffff80000027eee8
RIP=000000001e0483eb RFL=00010297 [--S-APC] CPL=0 II=0 A20=1 SMM=0 HLT=0
ES =001b 0000000000000000 ffffffff 00aff300 DPL=3 DS   [-WA]
CS =0008 0000000000000000 ffffffff 00af9a00 DPL=0 CS64 [-R-]
SS =0010 0000000000000000 ffffffff 00af9300 DPL=0 DS   [-WA]
DS =001b 0000000000000000 ffffffff 00aff300 DPL=3 DS   [-WA]
FS =0000 0000000000000000 ffffffff 00cf1300
GS =0000 ffff80001e1852a0 ffffffff 00cf1300
LDT=0000 0000000000000000 0000ffff 00008200 DPL=0 LDT
TR =0028 ffff80001e1b5070 00000067 00008900 DPL=0 TSS64-avl
GDT=     ffff80001e144f90 0000003f
IDT=     000000001e191890 00000fff
CR0=80010033 CR2=0000000000000000 CR3=0000000000002000 CR4=00000668
DR0=0000000000000000 DR1=0000000000000000 DR2=0000000000000000 DR3=0000000000000000 
DR6=00000000ffff0ff0 DR7=0000000000000400
CCS=0000000000000095 CCD=ffff80000027edf8 CCO=EFLAGS
EFER=0000000000000d01
Servicing hardware INT=0x2d
   172: v=2d e=0000 i=0 cpl=0 IP=0008:000000001e0483eb pc=000000001e0483eb SP=0010:ffff800000286e28 env->regs[R_EAX]=0000000000000000
RAX=0000000000000000 RBX=0000000000000001 RCX=0000000000000000 RDX=0000000000000000
RSI=0000000000000000 RDI=0000000000000000 RBP=0000000000000000 RSP=ffff800000286e28
R8 =0000000000000000 R9 =000000000000ffff R10=0000000000000000 R11=0000000000000000
R12=000000001e0a25f3 R13=0000000000000000 R14=ffff800000286e68 R15=ffff800000286ee8
RIP=000000001e0483eb RFL=00010297 [--S-APC] CPL=0 II=0 A20=1 SMM=0 HLT=0
ES =001b 0000000000000000 ffffffff 00aff300 DPL=3 DS   [-WA]
CS =0008 0000000000000000 ffffffff 00af9a00 DPL=0 CS64 [-R-]
SS =0010 0000000000000000 ffffffff 00af9300 DPL=0 DS   [-WA]
DS =001b 0000000000000000 ffffffff 00aff300 DPL=3 DS   [-WA]
FS =0000 0000000000000000 ffffffff 00af1300
GS =0000 ffff80001e1852c0 ffffffff 00af1300
LDT=0000 0000000000000000 0000ffff 00008200 DPL=0 LDT
TR =0028 ffff80001e1b50d8 00000067 00008900 DPL=0 TSS64-avl
GDT=     ffff80001e144fd0 0000003f
IDT=     000000001e191890 00000fff
CR0=80010033 CR2=0000000000000000 CR3=0000000000002000 CR4=00000620
DR0=0000000000000000 DR1=0000000000000000 DR2=0000000000000000 DR3=0000000000000000 
DR6=00000000ffff0ff0 DR7=0000000000000400
CCS=0000000000000095 CCD=ffff800000286df8 CCO=EFLAGS
EFER=0000000000000d01
Servicing hardware INT=0x20
   173: v=20 e=0000 i=0 cpl=0 IP=0008:000000001e0483eb pc=000000001e0483eb SP=0010:ffff80000027ee28 env->regs[R_EAX]=0000000000000000
RAX=0000000000000000 RBX=0000000000000001 RCX=0000000000000000 RDX=0000000000000000
RSI=0000000000000000 RDI=0000000000000000 RBP=0000000000000000 RSP=ffff80000027ee28
R8 =0000000000000000 R9 =000000000000ffff R10=0000000000000000 R11=0000000000000018
R12=000000001e0a25f3 R13=0000000000000000 R14=ffff80000027ee68 R15=ffff80000027eee8
RIP=000000001e0483eb RFL=00000297 [--S-APC] CPL=0 II=0 A20=1 SMM=0 HLT=0
ES =001b 0000000000000000 ffffffff 00aff300 DPL=3 DS   [-WA]
CS =0008 0000000000000000 ffffffff 00af9a00 DPL=0 CS64 [-R-]
SS =0010 0000000000000000 ffffffff 00af9300 DPL=0 DS   [-WA]
DS =001b 0000000000000000 ffffffff 00aff300 DPL=3 DS   [-WA]
FS =0000 0000000000000000 ffffffff 00cf1300
GS =0000 ffff80001e1852a0 ffffffff 00cf1300
LDT=0000 0000000000000000 0000ffff 00008200 DPL=0 LDT
TR =0028 ffff80001e1b5070 00000067 00008900 DPL=0 TSS64-avl
GDT=     ffff80001e144f90 0000003f
IDT=     000000001e191890 00000fff
CR0=80010033 CR2=0000000000000000 CR3=0000000000002000 CR4=00000668
DR0=0000000000000000 DR1=0000000000000000 DR2=0000000000000000 DR3=0000000000000000 
DR6=00000000ffff0ff0 DR7=0000000000000400
CCS=0000000000000095 CCD=ffffffffffffffff CCO=EFLAGS
EFER=0000000000000d01
Servicing hardware INT=0x20
   174: v=20 e=0000 i=0 cpl=0 IP=0008:000000001e0483eb pc=000000001e0483eb SP=0010:ffff800000286e28 env->regs[R_EAX]=0000000000000000
RAX=0000000000000000 RBX=0000000000000001 RCX=0000000000000000 RDX=0000000000000000
RSI=0000000000000000 RDI=0000000000000000 RBP=0000000000000000 RSP=ffff800000286e28
R8 =0000000000000000 R9 =000000000000ffff R10=0000000000000000 R11=0000000000000000
R12=000000001e0a25f3 R13=0000000000000000 R14=ffff800000286e68 R15=ffff800000286ee8
RIP=000000001e0483eb RFL=00000297 [--S-APC] CPL=0 II=0 A20=1 SMM=0 HLT=0
ES =001b 0000000000000000 ffffffff 00aff300 DPL=3 DS   [-WA]
CS =0008 0000000000000000 ffffffff 00af9a00 DPL=0 CS64 [-R-]
SS =0010 0000000000000000 ffffffff 00af9300 DPL=0 DS   [-WA]
DS =001b 0000000000000000 ffffffff 00aff300 DPL=3 DS   [-WA]
FS =0000 0000000000000000 ffffffff 00af1300
GS =0000 ffff80001e1852c0 ffffffff 00af1300
LDT=0000 0000000000000000 0000ffff 00008200 DPL=0 LDT
TR =0028 ffff80001e1b50d8 00000067 00008900 DPL=0 TSS64-avl
GDT=     ffff80001e144fd0 0000003f
IDT=     000000001e191890 00000fff
CR0=80010033 CR2=0000000000000000 CR3=0000000000002000 CR4=00000620
DR0=0000000000000000 DR1=0000000000000000 DR2=0000000000000000 DR3=0000000000000000 
DR6=00000000ffff0ff0 DR7=0000000000000400
CCS=0000000000000095 CCD=ffffffffffffffff CCO=EFLAGS
EFER=0000000000000d01
Servicing hardware INT=0x2d
   175: v=2d e=0000 i=0 cpl=0 IP=0008:000000001e049b33 pc=000000001e049b33 SP=0010:ffff80000027ebc8 env->regs[R_EAX]=0000000000000049
RAX=0000000000000049 RBX=0000000000000001 RCX=0000000000000049 RDX=0000000000000002
RSI=ffff80000027ed90 RDI=ffff80000027ed90 RBP=0000000000000001 RSP=ffff80000027ebc8
R8 =0000000000000000 R9 =000000001e0a3c78 R10=0000000000000000 R11=0000000000000018
R12=0000000000000001 R13=0000000000000000 R14=0000000000000001 R15=0000000000000008
RIP=000000001e049b33 RFL=00000202 [-------] CPL=0 II=0 A20=1 SMM=0 HLT=0
ES =001b 0000000000000000 ffffffff 00aff300 DPL=3 DS   [-WA]
CS =0008 0000000000000000 ffffffff 00af9a00 DPL=0 CS64 [-R-]
SS =0010 0000000000000000 ffffffff 00af9300 DPL=0 DS   [-WA]
DS =001b 0000000000000000 ffffffff 00aff300 DPL=3 DS   [-WA]
FS =0000 0000000000000000 ffffffff 00cf1300
GS =0000 ffff80001e1852a0 ffffffff 00cf1300
LDT=0000 0000000000000000 0000ffff 00008200 DPL=0 LDT
TR =0028 ffff80001e1b5070 00000067 00008900 DPL=0 TSS64-avl
GDT=     ffff80001e144f90 0000003f
IDT=     000000001e191890 00000fff
CR0=80010033 CR2=0000000000000000 CR3=0000000000002000 CR4=00000668
DR0=0000000000000000 DR1=0000000000000000 DR2=0000000000000000 DR3=0000000000000000 
DR6=00000000ffff0ff0 DR7=0000000000000400
CCS=0000000000000000 CCD=0000000000000001 CCO=EFLAGS
EFER=0000000000000d01
Servicing hardware INT=0x2d
   176: v=2d e=0000 i=0 cpl=0 IP=0008:000000001e0483eb pc=000000001e0483eb SP=0010:ffff800000286e28 env->regs[R_EAX]=0000000000000000
RAX=0000000000000000 RBX=0000000000000001 RCX=0000000000000000 RDX=0000000000000000
RSI=0000000000000000 RDI=0000000000000000 RBP=0000000000000000 RSP=ffff800000286e28
R8 =0000000000000000 R9 =000000000000ffff R10=0000000000000000 R11=0000000000000000
R12=000000001e0a25f3 R13=0000000000000000 R14=ffff800000286e68 R15=ffff800000286ee8
RIP=000000001e0483eb RFL=00010297 [--S-APC] CPL=0 II=0 A20=1 SMM=0 HLT=0
ES =001b 0000000000000000 ffffffff 00aff300 DPL=3 DS   [-WA]
CS =0008 0000000000000000 ffffffff 00af9a00 DPL=0 CS64 [-R-]
SS =0010 0000000000000000 ffffffff 00af9300 DPL=0 DS   [-WA]
DS =001b 0000000000000000 ffffffff 00aff300 DPL=3 DS   [-WA]
FS =0000 0000000000000000 ffffffff 00af1300
GS =0000 ffff80001e1852c0 ffffffff 00af1300
LDT=0000 0000000000000000 0000ffff 00008200 DPL=0 LDT
TR =0028 ffff80001e1b50d8 00000067 00008900 DPL=0 TSS64-avl
GDT=     ffff80001e144fd0 0000003f
IDT=     000000001e191890 00000fff
CR0=80010033 CR2=0000000000000000 CR3=0000000000002000 CR4=00000620
DR0=0000000000000000 DR1=0000000000000000 DR2=0000000000000000 DR3=0000000000000000 
DR6=00000000ffff0ff0 DR7=0000000000000400
CCS=0000000000000095 CCD=ffff800000286df8 CCO=EFLAGS
EFER=0000000000000d01
Servicing hardware INT=0x20
   177: v=20 e=0000 i=0 cpl=0 IP=0008:000000001e0483eb pc=000000001e0483eb SP=0010:ffff800000286e28 env->regs[R_EAX]=0000000000000000
RAX=0000000000000000 RBX=0000000000000001 RCX=0000000000000000 RDX=0000000000000000
RSI=0000000000000000 RDI=0000000000000000 RBP=0000000000000000 RSP=ffff800000286e28
R8 =0000000000000000 R9 =000000000000ffff R10=0000000000000000 R11=0000000000000008
R12=000000001e0a25f3 R13=0000000000000000 R14=ffff800000286e68 R15=ffff800000286ee8
RIP=000000001e0483eb RFL=00000297 [--S-APC] CPL=0 II=0 A20=1 SMM=0 HLT=0
ES =001b 0000000000000000 ffffffff 00aff300 DPL=3 DS   [-WA]
CS =0008 0000000000000000 ffffffff 00af9a00 DPL=0 CS64 [-R-]
SS =0010 0000000000000000 ffffffff 00af9300 DPL=0 DS   [-WA]
DS =001b 0000000000000000 ffffffff 00aff300 DPL=3 DS   [-WA]
FS =0000 0000000000000000 ffffffff 00af1300
GS =0000 ffff80001e1852c0 ffffffff 00af1300
LDT=0000 0000000000000000 0000ffff 00008200 DPL=0 LDT
TR =0028 ffff80001e1b50d8 00000067 00008900 DPL=0 TSS64-avl
GDT=     ffff80001e144fd0 0000003f
IDT=     000000001e191890 00000fff
CR0=80010033 CR2=0000000000000000 CR3=0000000000002000 CR4=00000620
DR0=0000000000000000 DR1=0000000000000000 DR2=0000000000000000 DR3=0000000000000000 
DR6=00000000ffff0ff0 DR7=0000000000000400
CCS=0000000000000095 CCD=ffffffffffffffff CCO=EFLAGS
EFER=0000000000000d01
Servicing hardware INT=0x20
   178: v=20 e=0000 i=0 cpl=0 IP=0008:000000001e0483eb pc=000000001e0483eb SP=0010:ffff80000027ee28 env->regs[R_EAX]=0000000000000000
RAX=0000000000000000 RBX=0000000000000001 RCX=0000000000000000 RDX=0000000000000000
RSI=0000000000000000 RDI=0000000000000000 RBP=0000000000000000 RSP=ffff80000027ee28
R8 =0000000000000000 R9 =000000000000ffff R10=0000000000000000 R11=0000000000000018
R12=000000001e0a25f3 R13=0000000000000000 R14=ffff80000027ee68 R15=ffff80000027eee8
RIP=000000001e0483eb RFL=00000297 [--S-APC] CPL=0 II=0 A20=1 SMM=0 HLT=0
ES =001b 0000000000000000 ffffffff 00aff300 DPL=3 DS   [-WA]
CS =0008 0000000000000000 ffffffff 00af9a00 DPL=0 CS64 [-R-]
SS =0010 0000000000000000 ffffffff 00af9300 DPL=0 DS   [-WA]
DS =001b 0000000000000000 ffffffff 00aff300 DPL=3 DS   [-WA]
FS =0000 0000000000000000 ffffffff 00cf1300
GS =0000 ffff80001e1852a0 ffffffff 00cf1300
LDT=0000 0000000000000000 0000ffff 00008200 DPL=0 LDT
TR =0028 ffff80001e1b5070 00000067 00008900 DPL=0 TSS64-avl
GDT=     ffff80001e144f90 0000003f
IDT=     000000001e191890 00000fff
CR0=80010033 CR2=0000000000000000 CR3=0000000000002000 CR4=00000668
DR0=0000000000000000 DR1=0000000000000000 DR2=0000000000000000 DR3=0000000000000000 
DR6=00000000ffff0ff0 DR7=0000000000000400
CCS=0000000000000095 CCD=ffffffffffffffff CCO=EFLAGS
EFER=0000000000000d01
Servicing hardware INT=0x2d
   179: v=2d e=0000 i=0 cpl=0 IP=0008:000000001e0483eb pc=000000001e0483eb SP=0010:ffff80000027ee28 env->regs[R_EAX]=0000000000000000
RAX=0000000000000000 RBX=0000000000000001 RCX=0000000000000000 RDX=0000000000000000
RSI=0000000000000000 RDI=0000000000000000 RBP=0000000000000000 RSP=ffff80000027ee28
R8 =0000000000000000 R9 =000000000000ffff R10=0000000000000000 R11=0000000000000018
R12=000000001e0a25f3 R13=0000000000000000 R14=ffff80000027ee68 R15=ffff80000027eee8
RIP=000000001e0483eb RFL=00010297 [--S-APC] CPL=0 II=0 A20=1 SMM=0 HLT=0
ES =001b 0000000000000000 ffffffff 00aff300 DPL=3 DS   [-WA]
CS =0008 0000000000000000 ffffffff 00af9a00 DPL=0 CS64 [-R-]
SS =0010 0000000000000000 ffffffff 00af9300 DPL=0 DS   [-WA]
DS =001b 0000000000000000 ffffffff 00aff300 DPL=3 DS   [-WA]
FS =0000 0000000000000000 ffffffff 00cf1300
GS =0000 ffff80001e1852a0 ffffffff 00cf1300
LDT=0000 0000000000000000 0000ffff 00008200 DPL=0 LDT
TR =0028 ffff80001e1b5070 00000067 00008900 DPL=0 TSS64-avl
GDT=     ffff80001e144f90 0000003f
IDT=     000000001e191890 00000fff
CR0=80010033 CR2=0000000000000000 CR3=0000000000002000 CR4=00000668
DR0=0000000000000000 DR1=0000000000000000 DR2=0000000000000000 DR3=0000000000000000 
DR6=00000000ffff0ff0 DR7=0000000000000400
CCS=0000000000000095 CCD=ffff80000027edf8 CCO=EFLAGS
EFER=0000000000000d01
Servicing hardware INT=0x20
   180: v=20 e=0000 i=0 cpl=0 IP=0008:000000001e0483eb pc=000000001e0483eb SP=0010:ffff80000027ee28 env->regs[R_EAX]=0000000000000000
RAX=0000000000000000 RBX=0000000000000001 RCX=0000000000000000 RDX=0000000000000000
RSI=0000000000000000 RDI=0000000000000000 RBP=0000000000000000 RSP=ffff80000027ee28
R8 =0000000000000000 R9 =000000000000ffff R10=0000000000000000 R11=0000000000000008
R12=000000001e0a25f3 R13=0000000000000000 R14=ffff80000027ee68 R15=ffff80000027eee8
RIP=000000001e0483eb RFL=00000297 [--S-APC] CPL=0 II=0 A20=1 SMM=0 HLT=0
ES =001b 0000000000000000 ffffffff 00aff300 DPL=3 DS   [-WA]
CS =0008 0000000000000000 ffffffff 00af9a00 DPL=0 CS64 [-R-]
SS =0010 0000000000000000 ffffffff 00af9300 DPL=0 DS   [-WA]
DS =001b 0000000000000000 ffffffff 00aff300 DPL=3 DS   [-WA]
FS =0000 0000000000000000 ffffffff 00cf1300
GS =0000 ffff80001e1852a0 ffffffff 00cf1300
LDT=0000 0000000000000000 0000ffff 00008200 DPL=0 LDT
TR =0028 ffff80001e1b5070 00000067 00008900 DPL=0 TSS64-avl
GDT=     ffff80001e144f90 0000003f
IDT=     000000001e191890 00000fff
CR0=80010033 CR2=0000000000000000 CR3=0000000000002000 CR4=00000668
DR0=0000000000000000 DR1=0000000000000000 DR2=0000000000000000 DR3=0000000000000000 
DR6=00000000ffff0ff0 DR7=0000000000000400
CCS=0000000000000095 CCD=ffffffffffffffff CCO=EFLAGS
EFER=0000000000000d01
Servicing hardware INT=0x20
   181: v=20 e=0000 i=0 cpl=0 IP=0008:000000001e0483eb pc=000000001e0483eb SP=0010:ffff800000286e28 env->regs[R_EAX]=0000000000000000
RAX=0000000000000000 RBX=0000000000000001 RCX=0000000000000000 RDX=0000000000000000
RSI=0000000000000000 RDI=0000000000000000 RBP=0000000000000000 RSP=ffff800000286e28
R8 =0000000000000000 R9 =000000000000ffff R10=0000000000000000 R11=0000000000000018
R12=000000001e0a25f3 R13=0000000000000000 R14=ffff800000286e68 R15=ffff800000286ee8
RIP=000000001e0483eb RFL=00000297 [--S-APC] CPL=0 II=0 A20=1 SMM=0 HLT=0
ES =001b 0000000000000000 ffffffff 00aff300 DPL=3 DS   [-WA]
CS =0008 0000000000000000 ffffffff 00af9a00 DPL=0 CS64 [-R-]
SS =0010 0000000000000000 ffffffff 00af9300 DPL=0 DS   [-WA]
DS =001b 0000000000000000 ffffffff 00aff300 DPL=3 DS   [-WA]
FS =0000 0000000000000000 ffffffff 00af1300
GS =0000 ffff80001e1852c0 ffffffff 00af1300
LDT=0000 0000000000000000 0000ffff 00008200 DPL=0 LDT
TR =0028 ffff80001e1b50d8 00000067 00008900 DPL=0 TSS64-avl
GDT=     ffff80001e144fd0 0000003f
IDT=     000000001e191890 00000fff
CR0=80010033 CR2=0000000000000000 CR3=0000000000002000 CR4=00000620
DR0=0000000000000000 DR1=0000000000000000 DR2=0000000000000000 DR3=0000000000000000 
DR6=00000000ffff0ff0 DR7=0000000000000400
CCS=0000000000000095 CCD=ffffffffffffffff CCO=EFLAGS
EFER=0000000000000d01
Servicing hardware INT=0x20
   182: v=20 e=0000 i=0 cpl=0 IP=0008:000000001e0483eb pc=000000001e0483eb SP=0010:ffff800000286e28 env->regs[R_EAX]=0000000000000000
RAX=0000000000000000 RBX=0000000000000001 RCX=0000000000000000 RDX=0000000000000000
RSI=0000000000000000 RDI=0000000000000000 RBP=0000000000000000 RSP=ffff800000286e28
R8 =0000000000000000 R9 =000000000000ffff R10=0000000000000000 R11=0000000000000000
R12=000000001e0a25f3 R13=0000000000000000 R14=ffff800000286e68 R15=ffff800000286ee8
RIP=000000001e0483eb RFL=00000297 [--S-APC] CPL=0 II=0 A20=1 SMM=0 HLT=0
ES =001b 0000000000000000 ffffffff 00aff300 DPL=3 DS   [-WA]
CS =0008 0000000000000000 ffffffff 00af9a00 DPL=0 CS64 [-R-]
SS =0010 0000000000000000 ffffffff 00af9300 DPL=0 DS   [-WA]
DS =001b 0000000000000000 ffffffff 00aff300 DPL=3 DS   [-WA]
FS =0000 0000000000000000 ffffffff 00af1300
GS =0000 ffff80001e1852c0 ffffffff 00af1300
LDT=0000 0000000000000000 0000ffff 00008200 DPL=0 LDT
TR =0028 ffff80001e1b50d8 00000067 00008900 DPL=0 TSS64-avl
GDT=     ffff80001e144fd0 0000003f
IDT=     000000001e191890 00000fff
CR0=80010033 CR2=0000000000000000 CR3=0000000000002000 CR4=00000620
DR0=0000000000000000 DR1=0000000000000000 DR2=0000000000000000 DR3=0000000000000000 
DR6=00000000ffff0ff0 DR7=0000000000000400
CCS=0000000000000095 CCD=ffffffffffffffff CCO=EFLAGS
EFER=0000000000000d01
Servicing hardware INT=0x20
   183: v=20 e=0000 i=0 cpl=0 IP=0008:000000001e0483eb pc=000000001e0483eb SP=0010:ffff80000027ee28 env->regs[R_EAX]=0000000000000000
RAX=0000000000000000 RBX=0000000000000001 RCX=0000000000000000 RDX=0000000000000000
RSI=0000000000000000 RDI=0000000000000000 RBP=0000000000000000 RSP=ffff80000027ee28
R8 =0000000000000000 R9 =000000000000ffff R10=0000000000000000 R11=0000000000000008
R12=000000001e0a25f3 R13=0000000000000000 R14=ffff80000027ee68 R15=ffff80000027eee8
RIP=000000001e0483eb RFL=00000297 [--S-APC] CPL=0 II=0 A20=1 SMM=0 HLT=0
ES =001b 0000000000000000 ffffffff 00aff300 DPL=3 DS   [-WA]
CS =0008 0000000000000000 ffffffff 00af9a00 DPL=0 CS64 [-R-]
SS =0010 0000000000000000 ffffffff 00af9300 DPL=0 DS   [-WA]
DS =001b 0000000000000000 ffffffff 00aff300 DPL=3 DS   [-WA]
FS =0000 0000000000000000 ffffffff 00cf1300
GS =0000 ffff80001e1852a0 ffffffff 00cf1300
LDT=0000 0000000000000000 0000ffff 00008200 DPL=0 LDT
TR =0028 ffff80001e1b5070 00000067 00008900 DPL=0 TSS64-avl
GDT=     ffff80001e144f90 0000003f
IDT=     000000001e191890 00000fff
CR0=80010033 CR2=0000000000000000 CR3=0000000000002000 CR4=00000668
DR0=0000000000000000 DR1=0000000000000000 DR2=0000000000000000 DR3=0000000000000000 
DR6=00000000ffff0ff0 DR7=0000000000000400
CCS=0000000000000095 CCD=ffffffffffffffff CCO=EFLAGS
EFER=0000000000000d01
Servicing hardware INT=0x2d
   184: v=2d e=0000 i=0 cpl=0 IP=0008:000000001e0483eb pc=000000001e0483eb SP=0010:ffff800000286e28 env->regs[R_EAX]=0000000000000000
RAX=0000000000000000 RBX=0000000000000001 RCX=0000000000000000 RDX=0000000000000000
RSI=0000000000000000 RDI=0000000000000000 RBP=0000000000000000 RSP=ffff800000286e28
R8 =0000000000000000 R9 =000000000000ffff R10=0000000000000000 R11=0000000000000000
R12=000000001e0a25f3 R13=0000000000000000 R14=ffff800000286e68 R15=ffff800000286ee8
RIP=000000001e0483eb RFL=00010297 [--S-APC] CPL=0 II=0 A20=1 SMM=0 HLT=0
ES =001b 0000000000000000 ffffffff 00aff300 DPL=3 DS   [-WA]
CS =0008 0000000000000000 ffffffff 00af9a00 DPL=0 CS64 [-R-]
SS =0010 0000000000000000 ffffffff 00af9300 DPL=0 DS   [-WA]
DS =001b 0000000000000000 ffffffff 00aff300 DPL=3 DS   [-WA]
FS =0000 0000000000000000 ffffffff 00af1300
GS =0000 ffff80001e1852c0 ffffffff 00af1300
LDT=0000 0000000000000000 0000ffff 00008200 DPL=0 LDT
TR =0028 ffff80001e1b50d8 00000067 00008900 DPL=0 TSS64-avl
GDT=     ffff80001e144fd0 0000003f
IDT=     000000001e191890 00000fff
CR0=80010033 CR2=0000000000000000 CR3=0000000000002000 CR4=00000620
DR0=0000000000000000 DR1=0000000000000000 DR2=0000000000000000 DR3=0000000000000000 
DR6=00000000ffff0ff0 DR7=0000000000000400
CCS=0000000000000095 CCD=ffff800000286df8 CCO=EFLAGS
EFER=0000000000000d01
Servicing hardware INT=0x2d
   185: v=2d e=0000 i=0 cpl=0 IP=0008:000000001e0483eb pc=000000001e0483eb SP=0010:ffff80000027ee28 env->regs[R_EAX]=0000000000000000
RAX=0000000000000000 RBX=0000000000000001 RCX=0000000000000000 RDX=0000000000000000
RSI=0000000000000000 RDI=0000000000000000 RBP=0000000000000000 RSP=ffff80000027ee28
R8 =0000000000000000 R9 =000000000000ffff R10=0000000000000000 R11=0000000000000008
R12=000000001e0a25f3 R13=0000000000000000 R14=ffff80000027ee68 R15=ffff80000027eee8
RIP=000000001e0483eb RFL=00010297 [--S-APC] CPL=0 II=0 A20=1 SMM=0 HLT=0
ES =001b 0000000000000000 ffffffff 00aff300 DPL=3 DS   [-WA]
CS =0008 0000000000000000 ffffffff 00af9a00 DPL=0 CS64 [-R-]
SS =0010 0000000000000000 ffffffff 00af9300 DPL=0 DS   [-WA]
DS =001b 0000000000000000 ffffffff 00aff300 DPL=3 DS   [-WA]
FS =0000 0000000000000000 ffffffff 00cf1300
GS =0000 ffff80001e1852a0 ffffffff 00cf1300
LDT=0000 0000000000000000 0000ffff 00008200 DPL=0 LDT
TR =0028 ffff80001e1b5070 00000067 00008900 DPL=0 TSS64-avl
GDT=     ffff80001e144f90 0000003f
IDT=     000000001e191890 00000fff
CR0=80010033 CR2=0000000000000000 CR3=0000000000002000 CR4=00000668
DR0=0000000000000000 DR1=000000c000000000 DR2=0000000000000000 DR3=0000000000000000 
DR6=00000000ffff0ff0 DR7=0000000000000400
CCS=0000000000000095 CCD=ffff80000027edf8 CCO=EFLAGS
EFER=0000000000000d01
Servicing hardware INT=0x20
   186: v=20 e=0000 i=0 cpl=0 IP=0008:000000001e0483eb pc=000000001e0483eb SP=0010:ffff80000027ee28 env->regs[R_EAX]=0000000000000000
RAX=0000000000000000 RBX=0000000000000001 RCX=0000000000000000 RDX=0000000000000000
RSI=0000000000000000 RDI=0000000000000000 RBP=0000000000000000 RSP=ffff80000027ee28
R8 =0000000000000000 R9 =000000000000ffff R10=0000000000000000 R11=0000000000000000
R12=000000001e0a25f3 R13=0000000000000000 R14=ffff80000027ee68 R15=ffff80000027eee8
RIP=000000001e0483eb RFL=00000297 [--S-APC] CPL=0 II=0 A20=1 SMM=0 HLT=0
ES =001b 0000000000000000 ffffffff 00aff300 DPL=3 DS   [-WA]
CS =0008 0000000000000000 ffffffff 00af9a00 DPL=0 CS64 [-R-]
SS =0010 0000000000000000 ffffffff 00af9300 DPL=0 DS   [-WA]
DS =001b 0000000000000000 ffffffff 00aff300 DPL=3 DS   [-WA]
FS =0000 0000000000000000 ffffffff 00cf1300
GS =0000 ffff80001e1852a0 ffffffff 00cf1300
LDT=0000 0000000000000000 0000ffff 00008200 DPL=0 LDT
TR =0028 ffff80001e1b5070 00000067 00008900 DPL=0 TSS64-avl
GDT=     ffff80001e144f90 0000003f
IDT=     000000001e191890 00000fff
CR0=80010033 CR2=0000000000000000 CR3=0000000000002000 CR4=00000668
DR0=0000000000000000 DR1=0000000000000000 DR2=0000000000000000 DR3=0000000000000000 
DR6=00000000ffff0ff0 DR7=0000000000000400
CCS=0000000000000095 CCD=ffffffffffffffff CCO=EFLAGS
EFER=0000000000000d01
Servicing hardware INT=0x20
   187: v=20 e=0000 i=0 cpl=0 IP=0008:000000001e0483eb pc=000000001e0483eb SP=0010:ffff800000286e28 env->regs[R_EAX]=0000000000000000
RAX=0000000000000000 RBX=0000000000000001 RCX=0000000000000000 RDX=0000000000000000
RSI=0000000000000000 RDI=0000000000000000 RBP=0000000000000000 RSP=ffff800000286e28
R8 =0000000000000000 R9 =000000000000ffff R10=0000000000000000 R11=0000000000000008
R12=000000001e0a25f3 R13=0000000000000000 R14=ffff800000286e68 R15=ffff800000286ee8
RIP=000000001e0483eb RFL=00000297 [--S-APC] CPL=0 II=0 A20=1 SMM=0 HLT=0
ES =001b 0000000000000000 ffffffff 00aff300 DPL=3 DS   [-WA]
CS =0008 0000000000000000 ffffffff 00af9a00 DPL=0 CS64 [-R-]
SS =0010 0000000000000000 ffffffff 00af9300 DPL=0 DS   [-WA]
DS =001b 0000000000000000 ffffffff 00aff300 DPL=3 DS   [-WA]
FS =0000 0000000000000000 ffffffff 00af1300
GS =0000 ffff80001e1852c0 ffffffff 00af1300
LDT=0000 0000000000000000 0000ffff 00008200 DPL=0 LDT
TR =0028 ffff80001e1b50d8 00000067 00008900 DPL=0 TSS64-avl
GDT=     ffff80001e144fd0 0000003f
IDT=     000000001e191890 00000fff
CR0=80010033 CR2=0000000000000000 CR3=0000000000002000 CR4=00000620
DR0=0000000000000000 DR1=0000000000000000 DR2=0000000000000000 DR3=0000000000000000 
DR6=00000000ffff0ff0 DR7=0000000000000400
CCS=0000000000000095 CCD=ffffffffffffffff CCO=EFLAGS
EFER=0000000000000d01
Servicing hardware INT=0x2d
   188: v=2d e=0000 i=0 cpl=0 IP=0008:000000001e048c29 pc=000000001e048c29 SP=0010:ffff80000027eb78 env->regs[R_EAX]=0000000000000000
RAX=0000000000000000 RBX=0000000000000001 RCX=ffff800000270e88 RDX=0000000000000002
RSI=0000000000000000 RDI=ffff800000270e28 RBP=0000000000000001 RSP=ffff80000027eb78
R8 =0000000000000000 R9 =000000001e0a3c60 R10=0000000000000000 R11=0000000000000000
R12=ffff800000270e00 R13=0000000000000000 R14=ffff800000270e88 R15=0000000000000003
RIP=000000001e048c29 RFL=00000246 [---Z-P-] CPL=0 II=0 A20=1 SMM=0 HLT=0
ES =001b 0000000000000000 ffffffff 00aff300 DPL=3 DS   [-WA]
CS =0008 0000000000000000 ffffffff 00af9a00 DPL=0 CS64 [-R-]
SS =0010 0000000000000000 ffffffff 00af9300 DPL=0 DS   [-WA]
DS =001b 0000000000000000 ffffffff 00aff300 DPL=3 DS   [-WA]
FS =0000 0000000000000000 ffffffff 00cf1300
GS =0000 ffff80001e1852a0 ffffffff 00cf1300
LDT=0000 0000000000000000 0000ffff 00008200 DPL=0 LDT
TR =0028 ffff80001e1b5070 00000067 00008900 DPL=0 TSS64-avl
GDT=     ffff80001e144f90 0000003f
IDT=     000000001e191890 00000fff
CR0=80010033 CR2=0000000000000000 CR3=0000000000002000 CR4=00000668
DR0=0000000000000000 DR1=0000000000000000 DR2=0000000000000000 DR3=0000000000000000 
DR6=00000000ffff0ff0 DR7=0000000000000400
CCS=0000000000000044 CCD=0000000000000000 CCO=EFLAGS
EFER=0000000000000d01
